90,90,90
89.0952693707821,89.773799717177,89.8868994178857
88.1909896891955,89.5476064853526,89.773799717177
87.2876105557233,89.3214273542065,89.6607017792386
86.3855788865966,89.0952693707821,89.5476064853526
85.4853375966426,88.8691395781689,89.4345147166773
84.5873243117127,88.6430450141883,89.3214273542065
83.691970119916,88.4169927100805,89.2083452787279
82.7996983703507,88.1909896891955,89.0952693707821
81.9109235273963,87.9650429656872,88.9822005106214
81.0260500878864,87.7391595432119,88.8691395781689
80.1454715676743,87.5133464136316,88.7560874529774
79.2695695632202,87.2876105557233,88.6430450141883
78.3987128929036,87.0619589338938,88.5300131404907
77.5332568218097,86.836398496901,88.4169927100805
76.6735423727704,86.6109361765835,88.3039846006197
75.8198957254786,86.3855788865966,88.1909896891955
74.9726277045536,86.1603335211581,88.0780088522795
74.1320333565318,85.9352069538016,87.9650429656872
73.2983916148966,85.7102060361408,87.8520929045375
72.471965051469,85.4853375966426,87.7391595432119
71.6529997117481,85.2606084394114,87.6262437553145
70.8417250311409,85.0360253429848,87.5133464136316
70.0383538284476,84.8115950591398,87.4004683900912
69.2430823724803,84.5873243117127,87.2876105557233
68.4560905172916,84.3632197954303,87.1747737806196
67.6775419011667,84.1392881747548,87.0619589338938
66.9075842042994,83.9155360827424,86.9491668836415
66.1463494599102,83.691970119916,86.836398496901
65.393954413482,83.4685968531518,86.7236546396134
64.6505009247696,83.2454228145818,86.6109361765835
63.9160764072865,83.022454500511,86.4982439714399
63.1907543000713,82.7996983703507,86.3855788865966
62.474594566686,82.5771608455677,86.2729417832136
61.7676442165872,82.3548483086509,86.1603335211581
61.0699378442381,82.1327671020941,86.0477549589655
60.381498181579,81.9109235273963,85.9352069538016
59.7023366597493,81.68932384408,85.8226903614232
59.0324539762441,81.4679742687274,85.7102060361408
58.3718406639842,81.2468809740349,85.5977548307796
57.7204776590867,81.0260500878864,85.4853375966426
57.0783368644234,80.8054876924454,85.3729551834717
56.4453817063576,80.5851998232664,85.2606084394114
55.8215676823452,80.3651924684262,85.1482982109704
55.2068428973668,80.1454715676743,85.0360253429848
54.6011485874339,79.9260430116039,84.9237906785812
54.0044196286708,79.7069126408426,84.8115950591398
53.4165850307167,79.4880862452642,84.6994393242578
52.8375684134224,79.2695695632202,84.5873243117127
52.2672884660274,79.0513682807935,84.4752508574268
51.7056593881979,78.8334880310712,84.3632197954303
51.1525913124853,78.6159343934403,84.2512319578263
50.6079907079249,78.3987128929036,84.1392881747548
50.0717607646419,78.1818289994171,84.0273892743574
49.5438017594596,77.9652881272492,83.9155360827424
49.0240114026206,77.7490956343612,83.8037294239496
48.512285165832,77.5332568218097,83.691970119916
48.0085165919329,77.3177769331699,83.5802589904408
47.5125975865571,77.1026611539819,83.4685968531518
47.0244186922264,76.8879146112177,83.3569845234712
46.5438693453637,76.6735423727704,83.2454228145818
46.0708381167572,76.4595494469654,83.1339125373938
45.6052129360391,76.2459407820927,83.022454500511
45.1468813007727,76.0327212659621,82.9110495101989
44.6957304707539,75.8198957254786,82.7996983703507
44.2516476481522,75.6074689262409,82.6884018824559
43.814520144117,75.3954455721609,82.5771608455677
43.3842355324813,75.1838303051043,82.465976056271
42.9606817911896,74.9726277045536,82.3548483086509
42.5437474320708,74.7618422872919,82.2437783942614
42.1333216195682,74.5514785071075,82.1327671020941
41.7292942790259,74.341540754521,82.0218152185474
41.3315561951165,74.1320333565318,81.9109235273963
40.9399991009781,73.9229605763866,81.8000928097615
40.5545157586132,73.7143266133679,81.68932384408
40.1750000310791,73.5061356026037,81.5786174060752
39.8013469469839,73.2983916148966,81.4679742687274
39.4334527577795,73.0910986565744,81.3573952022448
39.071214988323,72.8842606693592,81.2468809740349
38.714532481156,72.6778815302574,81.1364323486754
38.3633054349333,72.471965051469,81.0260500878864
38.0174354374082,72.2665149803158,80.9157349505026
37.6768254933629,72.0615349991893,80.8054876924454
37.3413800478536,71.857028725517,80.6953090666955
37.0110050051177,71.6529997117481,80.5851998232664
36.6856077434733,71.4494514453565,80.4751607091771
36.3650971265219,71.2463873488628,80.3651924684262
36.0493835109471,71.0438107798741,80.2552958419655
35.7383787511852,70.8417250311409,80.1454715676743
35.4319962012279,70.6401333306318,80.0357203803343
35.130150713798,70.4390388416251,79.9260430116039
34.8327586371288,70.2384446628173,79.8164401899939
34.5397378095585,70.0383538284476,79.7069126408426
34.2510075521406,69.8387693084393,79.5974610862921
33.9664886594557,69.6396940085568,79.4880862452642
33.6861033887991,69.4411307705775,79.3787888334365
33.4097754479064,69.2430823724803,79.2695695632202
33.1374299813674,69.045551528648,79.1604291437363
32.8689935558685,68.8485408900846,79.0513682807935
32.6043941443945,68.6520530446471,78.9423876768659
32.3435611095097,68.4560905172916,78.8334880310712
32.0864251858302,68.2606557703323,78.7246700391492
31.8329184617921,68.0657512037143,78.6159343934403
31.5829743608093,67.8713791552998,78.5072817828651
31.3365276219112,67.6775419011667,78.3987128929036
31.0935142799402,67.4842416559193,78.2902284055747
30.853871645385,67.2914805730115,78.1818289994171
30.6175382839174,67.0992607450818,78.0735153494689
30.384453995698,66.9075842042994,77.9652881272492
30.1545597945058,66.7164529227213,77.8571480007386
29.9277978867476,66.5258688126612,77.7490956343612
29.7041116503938,66.3358337270669,77.6411316889661
29.4834456138858,66.1463494599102,77.5332568218097
29.265745435055,65.9574177465842,77.425471686538
29.0509578800891,65.7690402643121,77.3177769331699
28.839030802581,65.5812186325638,77.2101732080799
28.6299131226868,65.393954413482,77.1026611539819
28.4235548064239,65.2072491123164,76.995241409913
28.2199068451296,65.0211041778664,76.8879146112177
28.018921235105,64.8355210029316,76.7806813895324
27.8205509574609,64.6505009247696,76.6735423727704
27.6247499581851,64.4660452255617,76.5664981851071
27.431473128445,64.2821551328845,76.4595494469654
27.2406762851388,64.0988318201892,76.3526967750018
27.0523161517073,63.9160764072865,76.2459407820927
26.8663503392166,63.7338899608382,76.1392820773208
26.6827373277198,63.5522734948535,76.0327212659621
26.5014364479043,63.3712279711921,75.9262589494731
26.3224078630331,63.1907543000713,75.8198957254786
26.1456125511819,63.0108533405787,75.7136321877594
25.9710122877787,62.8315259011891,75.6074689262409
25.798569628447,62.6527727402857,75.5014065269813
25.6282478921557,62.474594566686,75.3954455721609
25.4600111446768,62.2969920401702,75.2895866400711
25.2938241823517,62.1199657720147,75.1838303051043
25.1296525161655,61.9435163255275,75.0781771377437
24.9674623561294,61.7676442165872,74.9726277045536
24.8072205959704,61.5923499141846,74.8671825681701
24.6488947981254,61.4176338409669,74.7618422872919
24.4924531790394,61.2434963737844,74.6566074166716
24.3378645947636,61.0699378442381,74.5514785071075
24.1850985268527,60.8969585392306,74.4464561054355
24.0341250685565,60.7245587015173,74.341540754521
23.884914911304,60.5527385302597,74.2367329932521
23.7374393314757,60.381498181579,74.1320333565318
23.5916701774597,60.2108377691118,74.0274423752721
23.4475798569903,60.0407573645649,73.9229605763866
23.3051413247613,59.8712569982719,73.8185884827852
23.1643280703129,59.7023366597493,73.7143266133679
23.0251141061867,59.5339962982529,73.6101754830194
22.8874739563439,59.3662358233337,73.5061356026037
22.7513826448433,59.1990551053944,73.4022074789598
22.6168156847737,59.0324539762441,73.2983916148966
22.4837490674365,58.8664322296532,73.1946885091892
22.3521592517742,58.7009896219075,73.0910986565744
22.222023154039,58.5361258723602,72.9876225477476
22.0933181376986,58.3718406639842,72.8842606693592
21.9660220035729,58.2081336439215,72.7810135040118
21.840112980198,58.0450044240325,72.6778815302574
21.7155697144125,57.8824525814425,72.5748652225952
21.5923712621613,57.7204776590867,72.471965051469
21.4704970795135,57.559079166254,72.3691814832663
21.3499270138876,57.398256579127,72.2665149803158
21.2306412954823,57.2380093413217,72.1639660008871
21.112620528906,57.0783368644234,72.0615349991893
20.9958456850024,56.9192385285206,71.9592224253703
20.8802980928671,56.7607136827364,71.857028725517
20.7659594320504,56.6027616457571,71.7549543416548
20.6528117249437,56.4453817063576,71.6529997117481
20.5408373293431,56.2885731239241,71.5511652697006
20.430018931189,56.1323351289742,71.4494514453565
20.3203395374746,55.9766669236727,71.3478586645011
20.2117824693213,55.8215676823452,71.2463873488628
20.1043313552175,55.667036551988,71.1450379161141
19.9979701244145,55.5130726527741,71.0438107798741
19.892683000479,55.3596750785565,70.9427063497102
19.7884544949964,55.2068428973668,70.8417250311409
19.685269401421,55.0545751519116,70.7408672256385
19.5831127890722,54.9028708600634,70.6401333306318
19.48196999727,54.7517290153492,70.5395237395099
19.3818266296087,54.6011485874339,70.4390388416251
19.2826685483641,54.451128522601,70.3386790222972
19.1844818690327,54.301667744228,70.2384446628173
19.0872529549974,54.1527651532587,70.1383361404518
18.9909684123185,54.0044196286708,70.0383538284476
18.8956150846462,53.8566300279396,69.9384980960362
18.8011800482516,53.7093951874971,69.8387693084393
18.7076506071738,53.5627139231872,69.7391678268737
18.6150142884795,53.4165850307167,69.6396940085568
18.5232588376328,53.2710072861011,69.5403482067126
18.432372213973,53.1259794461067,69.4411307705775
18.3423425862967,52.9815002486884,69.3420420454067
18.2531583285421,52.8375684134224,69.2430823724803
18.1648080155737,52.694182641935,69.1442520891105
18.0772804190637,52.5513416183262,69.045551528648
17.9905645034682,52.4090440095897,68.9469810204894
17.9046494220968,52.2672884660274,68.8485408900846
17.8195245132716,52.1260736216597,68.7502314589441
17.7351792965749,51.9853980946317,68.6520530446471
17.6516034691825,51.8452604876136,68.5540059608495
17.5687869022808,51.7056593881979,68.4560905172916
17.4867196375657,51.5665933692905,68.3583070198074
17.4053918838214,51.4280609894986,68.2606557703323
17.324794013577,51.2900607935128,68.1631370669126
17.2449165598381,51.1525913124853,68.0657512037143
17.1657502128939,51.0156510644029,67.9684984710322
17.087285817195,50.8792385544558,67.8713791552998
17.0095143683028,50.7433522754018,67.7743935390983
16.9324270099066,50.6079907079249,67.6775419011667
16.8560150309084,50.4731523209908,67.5808245164121
16.7802698625727,50.3388355721967,67.4842416559193
16.7051830757404,50.2050389081165,67.3877935869617
16.6307463781042,50.0717607646419,67.2914805730115
16.5569516115457,49.9389995673188,67.1953028737507
16.4837907495307,49.8067537316786,67.0992607450818
16.411255894563,49.6750216635657,67.003354439139
16.3393392756944,49.5438017594596,66.9075842042994
16.268033246089,49.4130924067936,66.8119502851944
16.1973302806423,49.2828919842677,66.7164529227213
16.127222973652,49.1531988621578,66.6210923540554
16.0577040365395,49.0240114026206,66.5258688126612
15.9887662956224,48.8953279599933,66.430782528305
15.9204026899342,48.7671468810895,66.3358337270669
15.8526062690931,48.6394665054905,66.2410226313536
15.7853701912153,48.512285165832,66.1463494599102
15.7186877208753,48.3856011880869,66.0518144278334
15.6525522271091,48.2594128918438,65.9574177465842
15.586957181461,48.1337185905802,65.8631596240009
15.5218961560724,48.0085165919329,65.7690402643121
15.4573628218113,47.8838051979631,65.67505986815
15.3933509464425,47.759582705418,65.5812186325638
15.3298543928364,47.6358474059874,65.4875167510332
15.2668671172162,47.5125975865571,65.393954413482
15.2043831674422,47.3898315294573,65.3005318062919
15.1423966813327,47.2675475127078,65.2072491123164
15.0809018850204,47.1457438102586,65.1141065108948
15.0198930913433,47.0244186922264,65.0211041778664
14.9593646982697,46.9035704251273,64.9282422855846
14.8993111873563,46.7831972721062,64.8355210029316
14.8397271222382,46.6632974931609,64.7429404953323
14.7806071471513,46.5438693453637,64.6505009247696
14.7219459854845,46.4249110830783,64.5582024497987
14.6637384383627,46.3064209581732,64.4660452255617
14.6059793832589,46.1883972202317,64.3740294038031
14.5486637726351,46.0708381167572,64.2821551328845
14.4917866326115,45.9537418933759,64.1904225577995
14.4353430616622,45.8371067940354,64.0988318201892
14.3793282293392,45.7209310611993,64.0073830583575
14.3237373750208,45.6052129360391,63.9160764072865
14.2685658066871,45.4899506586214,63.8249119986518
14.2138088997193,45.3751424680931,63.7338899608382
14.159462095724,45.2607866028616,63.6430104189553
14.1055209013816,45.1468813007727,63.5522734948535
14.0519808873168,45.0334247992844,63.4616793071394
13.9988376869936,44.9204153356381,63.3712279711921
13.9460869956307,44.8078511470257,63.2809195991788
13.8937245691403,44.6957304707539,63.1907543000713
13.8417462230871,44.5840515444053,63.1007321796617
13.7901478316683,44.472812605996,63.0108533405787
13.738925326714,44.3620118941303,62.9211178823042
13.6880746967078,44.2516476481522,62.8315259011891
13.6375919858259,44.1417181082941,62.74207749047
13.5874732929962,44.0322215158217,62.6527727402857
13.537714770975,43.9231561131768,62.5636117376935
13.488312625443,43.814520144117,62.474594566686
13.4392631141174,43.7063118538514,62.3857213082073
13.3905625458831,43.5985294891752,62.2969920401702
13.3422072799397,43.4911712985998,62.2084068374728
13.2941937249653,43.3842355324813,62.1199657720147
13.246518338297,43.2777204431453,62.0316689127149
13.1991776251265,43.1716242850099,61.9435163255275
13.152168137712,43.0659453147049,61.8555080734595
13.1054864746046,42.9606817911896,61.7676442165872
13.0591292798902,42.8558319758668,61.6799248120734
13.013093242445,42.7513941326951,61.5923499141846
12.9673750952066,42.6473665282979,61.5049195743075
12.9219716144574,42.5437474320708,61.4176338409669
12.8768796191229,42.4405351162856,61.3304927598421
12.8320959700825,42.3377278561923,61.2434963737844
12.7876175694938,42.2353239301189,61.1566447228342
12.7434413601294,42.1333216195682,61.0699378442381
12.6995643247264,42.0317192093132,60.9833757724666
12.6559834853474,41.9305149874891,60.8969585392306
12.6126959027549,41.8297072456838,60.8106861734994
12.5696986757954,41.7292942790259,60.7245587015173
12.526988940797,41.6292743862709,60.6385761468217
12.4845638709765,41.5296458698841,60.5527385302597
12.4424206758586,41.4304070361231,60.4670458700057
12.4005566007052,41.3315561951165,60.381498181579
12.3589689259557,41.2330916609415,60.2960954778608
12.317654966677,41.1350117516996,60.2108377691118
12.2766120720239,41.0373147895893,60.1257250629893
12.2358376247098,40.9399991009781,60.0407573645649
12.195329040486,40.8430630164716,59.9559346763417
12.1550837676315,40.7465048709811,59.8712569982719
12.1150992864515,40.650323003789,59.7867243277738
12.0753731087852,40.5545157586132,59.7023366597493
12.035902777522,40.4590814836686,59.6180939866018
11.9966858661275,40.3640185317273,59.5339962982529
11.9577199781767,40.2693252601773,59.4500435821599
11.9190027468963,40.1750000310791,59.3662358233337
11.8805318347152,40.0810412112206,59.2825730043555
11.8423049328228,39.9874471721706,59.1990551053944
11.8043197607352,39.8942162903303,59.1156821042249
11.7665740658689,39.8013469469839,59.0324539762441
11.7290656231227,39.7088375283463,58.9493706944888
11.6917922344658,39.6166864256107,58.8664322296532
11.6547517285347,39.5248920349938,58.783638550106
11.6179419602356,39.4334527577795,58.7009896219075
11.5813608103548,39.3423670003617,58.6184854088271
11.5450061851757,39.251633174285,58.5361258723602
11.5088760161021,39.1612496962843,58.4539109717461
11.4729682592884,39.071214988323,58.3718406639842
11.4372808952763,38.9815274776296,58.2899149038519
11.4018119286374,38.8921855967334,58.2081336439215
11.366559387622,38.8031877834984,58.1264968345773
11.3315213238144,38.714532481156,58.0450044240325
11.2966958117937,38.6262181383366,57.9636563583467
11.2620809488006,38.5382432091001,57.8824525814425
11.2276748544095,38.4506061529643,57.8013930351225
11.1934756702068,38.3633054349333,57.7204776590867
11.1594815594742,38.2763395255239,57.639706390949
11.1256907068776,38.1897069007907,57.559079166254
11.092101318161,38.1034060423512,57.4785959184943
11.058711619846,38.0174354374082,57.398256579127
11.025519858936,37.9317935787724,57.3180610775906
10.9925243026251,37.8464789648829,57.2380093413217
10.9597232380127,37.7614900998279,57.1581012957717
10.9271149718224,37.6768254933629,57.0783368644234
10.8946978301249,37.5924836609289,56.9987159688078
10.862470158067,37.5084631236694,56.9192385285206
10.8304303196039,37.4247624084459,56.8399044612386
10.798576697236,37.3413800478536,56.7607136827364
10.7669076917509,37.2583145802345,56.6816661069028
10.7354217219686,37.1755645496914,56.6027616457571
10.7041172244917,37.0931285060994,56.5240002094656
10.672992653459,37.0110050051177,56.4453817063576
10.6420464803037,36.9291926081996,56.3669060429422
10.6112771935153,36.8476898826026,56.2885731239241
10.5806832984053,36.7664954013969,56.2103828522199
10.5502633168767,36.6856077434733,56.1323351289742
10.5200157871975,36.6050254935506,56.0544298535755
10.4899392637774,36.5247472421817,55.9766669236727
10.4600323169487,36.4447715857596,55.8990462351904
10.4302935327501,36.3650971265219,55.8215676823452
10.400721512714,36.2857224725552,55.7442311576618
10.3713148736582,36.2066462377982,55.667036551988
10.3420722474792,36.1278670420452,55.5899837545114
10.3129922809505,36.0493835109471,55.5130726527741
10.2840736355229,35.9711942760135,55.4363031326894
10.2553149871287,35.8932979746134,55.3596750785565
10.2267150259882,35.815693249975,55.2831883730762
10.1982724564203,35.7383787511852,55.2068428973668
10.1699859966552,35.6613531331886,55.130638530979
10.1418543786505,35.5846150567857,55.0545751519116
10.1138763479098,35.5081631886306,54.9786526366263
10.0860506633046,35.4319962012279,54.9028708600634
10.0583760968986,35.3561127729294,54.8272296956569
10.0308514337748,35.2805115879303,54.7517290153492
10.0034754718656,35.205191336264,54.6763686896066
9.97624702178498,35.130150713798,54.6011485874339
9.94916490666361,35.0553884222273,54.5260685763898
9.92222796198655,34.9809031690691,54.451128522601
9.89543503543324,34.906693667656,54.3763282907778
9.86878498672009,34.8327586371288,54.301667744228
9.84227668744531,34.7590968024293,54.2271467448724
9.81590902093633,34.6857068942923,54.1527651532587
9.78968088209935,34.612587649237,54.0785228285764
9.76359117727125,34.5397378095585,54.0044196286708
9.73763882407378,34.4671561233186,53.9304554100583
9.71182275126982,34.3948413443359,53.8566300279396
9.68614189862199,34.3227922321758,53.7829433362147
9.66059521675323,34.2510075521406,53.7093951874971
9.63518166700955,34.1794860752582,53.6359854331272
9.6099002213248,34.1082265782709,53.5627139231872
9.58474986208749,34.0372278436244,53.4895805065148
9.55972958200956,33.9664886594557,53.4165850307167
9.53483838399715,33.8960078195807,53.3437273421831
9.5100752810232,33.8257841234819,53.2710072861011
9.48543929600204,33.7558163762957,53.1984247064682
9.46092946166576,33.6861033887991,53.1259794461067
9.43654482044241,33.616643977396,53.0536713466763
9.41228442433601,33.5474369641041,52.9815002486884
9.38814733480834,33.4784811765402,52.909465991519
9.36413262266238,33.4097754479064,52.8375684134224
9.34023936792752,33.3413186169752,52.7658073515443
9.31646665974643,33.2731095280748,52.694182641935
9.29281359626358,33.2051470310741,52.6226941195626
9.26927928451532,33.1374299813674,52.5513416183262
9.24586284032164,33.0699572398583,52.4801249710687
9.22256338817943,33.0027276729448,52.4090440095897
9.19938006115725,32.9357401525024,52.3380985646587
9.17631200079174,32.8689935558685,52.2672884660274
9.15335835698536,32.8024867658256,52.1966135424428
9.13051828790568,32.7362186705847,52.1260736216597
9.10779095988613,32.6701881637685,52.0556685304534
9.08517554732807,32.6043941443945,51.9853980946317
9.06267123260432,32.5388355168574,51.9152621390481
9.04027720596408,32.4735111909119,51.8452604876136
9.01799266543914,32.4084200816554,51.7753929633092
8.99581681675139,32.3435611095097,51.7056593881979
8.97374887322175,32.2789332002034,51.6360595834371
8.95178805568027,32.2145352847541,51.5665933692905
8.92993359237754,32.1503662994497,51.4972605651402
8.90818471889729,32.0864251858302,51.4280609894986
8.88654067807033,32.0227108906695,51.35899446002
8.86500071988953,31.9592223659566,51.2900607935128
8.8435641014261,31.8959585688765,51.2212598059508
8.82223008674697,31.8329184617921,51.1525913124853
8.80099794683338,31.7701010122244,51.0840551274559
8.77986695950049,31.7075051928341,51.0156510644029
8.75883640931823,31.6451299814018,50.9473789360779
8.73790558753309,31.5829743608093,50.8792385544558
8.71707379199115,31.5210373190196,50.8112297307456
8.69634032706198,31.4593178490579,50.7433522754018
8.67570450356376,31.3978149489917,50.6756059981353
8.6551656386893,31.3365276219112,50.6079907079249
8.63472305593311,31.2754548759097,50.5405062130278
8.61437608501945,31.2145957240637,50.4731523209908
8.59412406183138,31.1539491844129,50.4059288386611
8.57396632834072,31.0935142799402,50.3388355721967
8.55390223253904,31.0332900385521,50.2718723270777
8.53393112836945,30.9732754930579,50.2050389081165
8.51405237565943,30.9134696811504,50.1383351194683
8.49426534005453,30.853871645385,50.0717607646419
8.4745693929529,30.7944804331596,50.0053156465099
8.45496391144074,30.7352950966947,49.9389995673188
8.43544827822863,30.6763146930126,49.8728123286999
8.41602188158865,30.6175382839174,49.8067537316786
8.3966841152924,30.5589649359743,49.7408235766855
8.3774343785498,30.5005937204892,49.6750216635657
8.35827207594866,30.4424237134884,49.6093477915889
8.33919661739517,30.384453995698,49.5438017594596
8.32020741805503,30.3266836525234,49.4783833653268
8.30130389829544,30.2691117740287,49.4130924067936
8.28248548362787,30.2117374549162,49.347928680927
8.26375160465149,30.1545597945058,49.2828919842677
8.24510169699738,30.0975778967145,49.2179821128392
8.22653520127354,30.0407908700357,49.1531988621578
8.20805156301046,29.9841978275186,49.0885420272418
8.18965023260757,29.9277978867476,49.0240114026206
8.17133066528024,29.8715901698219,48.9596067823445
8.15309232100756,29.8155738033345,48.8953279599933
8.13493466448072,29.7597479183521,48.831174728686
8.11685716505213,29.7041116503938,48.7671468810895
8.09885929668512,29.6486641394113,48.7032442094277
8.08094053790437,29.5934045297679,48.6394665054905
8.06310037174687,29.5383319702178,48.5758135606424
8.04533828571357,29.4834456138858,48.512285165832
8.02765377172166,29.4287446182468,48.4488811115996
8.01004632605743,29.3742281451051,48.3856011880869
7.9925154493297,29.3198953605739,48.3224451850452
7.97506064642391,29.265745435055,48.2594128918438
7.95768142645672,29.2117775432181,48.1965040974785
7.94037730273121,29.1579908639806,48.1337185905802
7.92314779269271,29.1043845804871,48.0710561594231
7.90599241788502,29.0509578800891,48.0085165919329
7.88891070390737,28.9977099543245,47.9460996756951
7.87190218037179,28.9446399988973,47.8838051979631
7.85496638086105,28.8917472136576,47.8216329456664
7.83810284288715,28.839030802581,47.759582705418
7.82131110785027,28.7864899737486,47.6976542635234
7.8045907209983,28.7341239393269,47.6358474059874
7.7879412313868,28.6819319155474,47.5741619185227
7.7713621918395,28.6299131226868,47.5125975865571
7.7548531589093,28.5780667850468,47.4511541952414
7.7384136928397,28.5263921309343,47.3898315294573
7.72204335752673,28.4748883926409,47.3286293738243
7.70574172048137,28.4235548064239,47.2675475127078
7.68950835279239,28.3723906124854,47.2065857302263
7.67334282908969,28.3213950549535,47.1457438102586
7.65724472750801,28.2705673818617,47.0850215364514
7.64121362965117,28.2199068451296,47.0244186922264
7.62524912055673,28.1694127005435,46.9639350607873
7.60935078866098,28.119084207736,46.9035704251273
7.59351822576452,28.0689206301672,46.843324568036
7.57775102699807,28.018921235105,46.7831972721062
7.56204879078889,27.9690852936054,46.7231883197411
7.5464111188274,27.9194120804934,46.6632974931609
7.53083761603438,27.8699008743436,46.6035245744101
7.51532789052846,27.8205509574609,46.5438693453637
7.499881553594,27.7713616158612,46.4843315877343
7.48449821964942,27.7223321392525,46.4249110830783
7.46917750621584,27.6734618210156,46.3656076128031
7.45391903388612,27.6247499581851,46.3064209581732
7.4387224262943,27.5761958514306,46.2473509003167
7.4235873100853,27.5277988050376,46.1883972202317
7.40851331488513,27.4795581268888,46.1295596987927
7.39350007327132,27.431473128445,46.0708381167572
7.37854722074374,27.3835431247271,46.0122322547711
7.36365439569582,27.3357674342967,45.9537418933759
7.34882123938601,27.2881453792379,45.895366813014
7.33404739590965,27.2406762851388,45.8371067940354
7.31933251217116,27.1933594810729,45.778961616703
7.30467623785648,27.146194299581,45.7209310611993
7.29007822540594,27.0991800766524,45.6630149076318
7.2755381299874,27.0523161517073,45.6052129360391
7.26105560946966,27.005601867578,45.5475249263963
7.24663032439623,26.9590365704914,45.4899506586214
7.23226193795941,26.9126196100505,45.4324899125804
7.2179501159746,26.8663503392166,45.3751424680931
7.20369452685501,26.8202281142915,45.3179081049388
7.18949484158659,26.7742522948997,45.2607866028616
7.17535073370322,26.7284222439703,45.2037777415761
7.16126187926228,26.6827373277198,45.1468813007727
7.14722795682042,26.6371969156342,45.0900970601227
7.13324864740966,26.5918003804518,45.0334247992844
7.1193236345137,26.5465470981452,44.9768642979073
7.10545260404455,26.5014364479043,44.9204153356381
7.09163524431944,26.4564678121191,44.8640776921256
7.07787124603793,26.411640576362,44.8078511470257
7.0641603022593,26.3669541293712,44.7517354800066
7.05050210838027,26.3224078630331,44.6957304707539
7.03689636211284,26.2780011723657,44.6398358989752
7.02334276346248,26.2337334555012,44.5840515444053
7.00984101470655,26.1896041136697,44.5283771868111
6.99639082037292,26.1456125511819,44.472812605996
6.98299188721886,26.1017581754129,44.4173575818053
6.96964392421017,26.0580403967848,44.3620118941303
6.95634664250053,26.0144586287508,44.3067753229133
6.94309975541107,25.9710122877787,44.2516476481522
6.92990297841023,25.927700793334,44.196628649905
6.91675602909372,25.8845235678639,44.1417181082941
6.90365862716484,25.841480036781,44.0869158035112
6.89061049441493,25.798569628447,44.0322215158217
6.87761135470406,25.7557917741567,43.9776350255684
6.86466093394192,25.713145908122,43.9231561131768
6.85175896006899,25.6706314674556,43.8687845591588
6.83890516303777,25.6282478921557,43.814520144117
6.82609927479439,25.5859946250895,43.760362648749
6.81334102926029,25.543871111978,43.7063118538514
6.80063016231414,25.50187680138,43.6523675403244
6.78796641177403,25.4600111446768,43.5985294891752
6.77534951737969,25.4182735960565,43.5447974815224
6.76277922077509,25.3766636124985,43.4911712985998
6.75025526549108,25.3351806537581,43.4376507217607
6.73777739692833,25.2938241823517,43.3842355324813
6.72534536234035,25.252593663541,43.3309255123648
6.71295891081677,25.2114885653181,43.2777204431453
6.70061779326678,25.1705083583903,43.2246201066914
6.68832176240277,25.1296525161655,43.1716242850099
6.67607057272403,25.0889205147368,43.1187327602496
6.66386398050084,25.048311832868,43.0659453147049
6.65170174375848,25.0078259519786,43.0132617308195
6.63958362226163,24.9674623561294,42.9606817911896
6.6275093774988,24.9272205320075,42.908205278568
6.61547877266696,24.8870999689121,42.8558319758668
6.60349157265637,24.8471001587398,42.8035616661618
6.59154754403551,24.8072205959704,42.7513941326951
6.57964645503622,24.7674607776524,42.6993291588787
6.56778807553898,24.7278202033889,42.6473665282979
6.55597217705835,24.6882983753234,42.5955060247148
6.5441985327285,24.6488947981254,42.5437474320708
6.53246691728904,24.6096089789771,42.4920905344908
6.52077710707084,24.5704404275584,42.4405351162856
6.5091288799821,24.5313886560341,42.3890809619552
6.4975220154945,24.4924531790394,42.3377278561923
6.48595629462956,24.4536335136663,42.2864755838847
6.47443149994509,24.4149291794501,42.2353239301189
6.46294741552182,24.3763396983555,42.1842726801826
6.45150382695013,24.3378645947636,42.1333216195682
6.44010052131692,24.2995033954579,42.0824705339752
6.42873728719269,24.2612556296112,42.0317192093132
6.41741391461865,24.2231208287723,41.981067431705
6.406130195094,24.1850985268527,41.9305149874891
6.39488592156339,24.1471882601134,41.8800616632225
6.38368088840446,24.1093895671518,41.8297072456838
6.3725148914155,24.0717019888891,41.7794515218752
6.36138772780325,24.0341250685565,41.7292942790259
6.35029919617086,23.9966583516831,41.6792353045944
6.33924909650593,23.9593013860828,41.6292743862709
6.32823723016867,23.9220537218413,41.5794113119802
6.31726339988019,23.884914911304,41.5296458698841
6.30632740971095,23.8478845090629,41.479977848384
6.29542906506927,23.8109620719443,41.4304070361231
6.28456817268996,23.774147158996,41.3809332219891
6.27374454062311,23.7374393314757,41.3315561951165
6.26295797822297,23.7008381528375,41.2822757448889
6.2522082961369,23.6643431887209,41.2330916609415
6.24149530629451,23.6279540069376,41.1840037331634
6.23081882189686,23.5916701774597,41.1350117516996
6.22017865740575,23.555491272408,41.0861155069535
6.20957462853318,23.5194168660394,41.0373147895893
6.19900655223088,23.4834465347355,40.9886093905336
6.18847424667989,23.4475798569903,40.9399991009781
6.17797753128038,23.4118164133988,40.8914837123815
6.16751622664142,23.3761557866448,40.8430630164716
6.15709015457099,23.3405975614899,40.7947368052474
6.14669913806594,23.3051413247613,40.7465048709811
6.1363430013022,23.2697866653404,40.69836700622
6.12602156962498,23.2345331741515,40.650323003789
6.1157346695391,23.1993804441504,40.6023726567918
6.10548212869948,23.1643280703129,40.5545157586132
6.09526377590156,23.1293756496235,40.5067521029213
6.08507944107202,23.0945227810644,40.4590814836686
6.07492895525941,23.0597690656042,40.4115036950947
6.06481215062502,23.0251141061867,40.3640185317273
6.0547288604337,22.9905575077202,40.3166257883848
6.04467891904489,22.9560988770663,40.2693252601773
6.03466216190366,22.921737823029,40.222116742509
6.02467842553189,22.8874739563439,40.1750000310791
6.01472754751947,22.8533068896676,40.1279749218845
6.00480936651568,22.8192362375665,40.0810412112206
5.99492372222053,22.7852616165068,40.0341986956833
5.98507045537634,22.7513826448433,39.9874471721706
5.97524940775921,22.7175989428095,39.940786437884
5.96546042217077,22.6839101325063,39.8942162903303
5.95570334242986,22.6503158378925,39.8477365273231
5.94597801336437,22.6168156847737,39.8013469469839
5.93628428080313,22.5834093007924,39.7550473477441
5.92662199156788,22.5500963154178,39.7088375283463
5.9169909934653,22.5168763599352,39.6627172878455
5.90739113527918,22.4837490674365,39.6166864256107
5.89782226676257,22.4507140728097,39.5707447413265
5.88828423863009,22.417771012729,39.5248920349938
5.87877690255027,22.3849195256449,39.479128106932
5.86930011113795,22.3521592517742,39.4334527577795
5.85985371794681,22.3194898330905,39.3878657884957
5.85043757746188,22.2869109133139,39.3423670003617
5.84105154509224,22.2544221379018,39.2969561949819
5.83169547716367,22.222023154039,39.251633174285
5.82236923091145,22.189713610628,39.2063977405254
5.81307266447319,22.1574931582796,39.1612496962843
5.80380563688173,22.1253614493035,39.1161888444707
5.79456800805813,22.0933181376986,39.071214988323
5.7853596388047,22.0613628791438,39.0263279314093
5.77618039079813,22.0294953309886,38.9815274776296
5.7670301265826,21.997715152244,38.9368134312158
5.75790870956307,21.9660220035729,38.8921855967334
5.74881600399857,21.9344155472814,38.8476437790824
5.73975187499552,21.9028954473094,38.8031877834984
5.73071618850119,21.8714613692214,38.7588174155531
5.72170881129717,21.840112980198,38.714532481156
5.71272961099289,21.8088499490265,38.6703327865548
5.70377845601925,21.7776719460922,38.6262181383366
5.69485521562228,21.7465786433693,38.5821883434289
5.68595975985683,21.7155697144125,38.5382432091001
5.67709195958038,21.684644834348,38.4943825429608
5.66825168644684,21.6538036798649,38.4506061529643
5.65943881290047,21.6230459292064,38.4069138474079
5.65065321216982,21.5923712621613,38.3633054349333
5.64189475826172,21.5617793600558,38.3197807245276
5.63316332595532,21.5312699057442,38.2763395255239
5.62445879079627,21.5008425836013,38.2329816476023
5.61578102909079,21.4704970795135,38.1897069007907
5.60712991789997,21.4402330808707,38.1465150954653
5.59850533503398,21.4100502765578,38.1034060423512
5.58990715904642,21.3799483569466,38.0603795525237
5.5813352692287,21.3499270138876,38.0174354374082
5.57278954560444,21.3199859407019,37.9745735087816
5.56426986892397,21.2901248321728,37.9317935787724
5.55577612065881,21.2603433845382,37.8890954598614
5.54730818299632,21.2306412954823,37.8464789648829
5.53886593883424,21.2010182641275,37.8039439070245
5.53044927177541,21.1714739910269,37.7614900998279
5.52205806612247,21.1420081781562,37.7191173571901
5.51369220687265,21.112620528906,37.6768254933629
5.50535157971252,21.0833107480736,37.6346143229544
5.49703607101293,21.0540785418559,37.5924836609289
5.48874556782386,21.0249236178413,37.5504333226077
5.48047995786939,20.9958456850024,37.5084631236694
5.47223912954266,20.9668444536879,37.4665728801505
5.46402297190099,20.9379196356155,37.4247624084459
5.45583137466087,20.9090709438643,37.3830315253093
5.44766422819312,20.8802980928671,37.3413800478536
5.43952142351811,20.8516007984034,37.2998077935511
5.43140285230089,20.8229787775918,37.2583145802345
5.42330840684648,20.7944317488825,37.2169002260967
5.4152379800952,20.7659594320504,37.1755645496914
5.40719146561794,20.7375615481876,37.1343073699335
5.39916875761158,20.7092378196962,37.0931285060994
5.39116975089442,20.6809879702812,37.0520277778273
5.38319434090161,20.6528117249437,37.0110050051177
5.37524242368063,20.6247088099731,36.9700600083332
5.3673138958869,20.5966789529408,36.9291926081996
5.35940865477927,20.5687218826929,36.8884026258054
5.35152659821571,20.5408373293431,36.8476898826026
5.3436676246489,20.5130250242662,36.8070542004066
5.33583163312197,20.4852847000909,36.7664954013969
5.3280185232642,20.4576160906931,36.7260133081166
5.32022819528677,20.430018931189,36.6856077434733
5.31246054997862,20.4024929579287,36.6452785307391
5.30471548870222,20.3750379084891,36.6050254935506
5.29699291338949,20.3476535216674,36.5648484559093
5.28929272653768,20.3203395374746,36.5247472421817
5.28161483120534,20.2930956971286,36.4847216770995
5.27395913100826,20.2659217430481,36.4447715857596
5.26632553011554,20.2388174188456,36.4048967936244
5.25871393324557,20.2117824693213,36.3650971265219
5.25112424566218,20.1848166404567,36.3253724106457
5.24355637317069,20.1579196794079,36.2857224725552
5.2360102221141,20.1310913344992,36.2461471391756
5.22848569936926,20.1043313552175,36.2066462377982
5.22098271234307,20.077639492205,36.1672195960803
5.21350116896875,20.0510154972539,36.1278670420452
5.20604097770208,20.0244591232996,36.0885884040822
5.19860204751774,19.9979701244145,36.0493835109471
5.19118428790564,19.9715482558024,36.0102521917615
5.18378760886728,19.9451932737919,35.9711942760135
5.17641192091216,19.9189049358306,35.9322095935574
5.16905713505421,19.892683000479,35.8932979746134
5.16172316280826,19.8665272274045,35.8544592497684
5.15440991618651,19.8404373773755,35.815693249975
5.14711730769504,19.8144132122552,35.7769998065523
5.13984525033042,19.7884544949964,35.7383787511852
5.13259365757621,19.7625609896348,35.6998299159249
5.12536244339961,19.736732461284,35.6613531331886
5.11815152224812,19.710968676129,35.6229482357592
5.11096080904612,19.685269401421,35.5846150567857
5.10379021919165,19.6596344054714,35.5463534297827
5.09663966855306,19.6340634576462,35.5081631886306
5.08950907346578,19.6085563283603,35.4700441675752
5.08239835072913,19.5831127890722,35.4319962012279
5.07530741760304,19.557732612278,35.3940191245653
5.06823619180495,19.5324155715059,35.3561127729294
5.06118459150661,19.5071614413112,35.3182769820271
5.05415253533097,19.48196999727,35.2805115879303
5.0471399423491,19.4568410159747,35.2428164270755
5.04014673207711,19.4317742750277,35.205191336264
5.03317282447308,19.4067695530366,35.1676361526616
5.02621813993407,19.3818266296087,35.130150713798
5.01928259929311,19.3569452853454,35.0927348575673
5.01236612381623,19.3321253018375,35.0553884222273
5.00546863519949,19.3073664616594,35.0181112463996
4.99859005556609,19.2826685483641,34.9809031690691
4.99173030746345,19.2580313464781,34.9437640295842
4.98488931386033,19.233454641496,34.906693667656
4.97806699814399,19.2089382198756,34.8696919233587
4.97126328411735,19.1844818690327,34.8327586371288
4.96447809599616,19.1600853773359,34.7958936497653
4.95771135840628,19.1357485341018,34.7590968024293
4.95096299638085,19.1114711295899,34.7223679366435
4.94423293535757,19.0872529549974,34.6857068942923
4.93752110117599,19.0630938024547,34.6491135176212
4.93082742007481,19.03899346502,34.612587649237
4.92415181868922,19.0149517366747,34.5761291321068
4.91749422404821,18.9909684123185,34.5397378095585
4.91085456357195,18.9670432877644,34.5034135252799
4.90423276506922,18.9431761597342,34.4671561233186
4.89762875673477,18.9193668258532,34.4309654480818
4.89104246714675,18.8956150846462,34.3948413443359
4.88447382526421,18.8719207355319,34.3587836572059
4.8779227604245,18.8482835788189,34.3227922321758
4.87138920234084,18.8247034157009,34.2868669150875
4.86487308109975,18.8011800482516,34.2510075521406
4.85837432715865,18.7777132794207,34.2152139898927
4.85189287134336,18.7543029130289,34.1794860752582
4.8454286448457,18.7309487537635,34.1438236555083
4.83898157922108,18.7076506071738,34.1082265782709
4.83255160638608,18.6844082796668,34.0726946915298
4.82613865861609,18.6612215785024,34.0372278436244
4.81974266854296,18.638090311789,34.0018258832498
4.81336356915267,18.6150142884795,33.9664886594557
4.807001293783,18.5919933183661,33.9312160216465
4.80065577612122,18.5690272120769,33.8960078195807
4.79432695020184,18.5461157810706,33.8608639033706
4.78801475040431,18.5232588376328,33.8257841234819
4.7817191114508,18.5004561948715,33.7907683307332
4.77543996840395,18.4777076667128,33.7558163762957
4.76917725666468,18.4550130678968,33.7209281116927
4.76293091196999,18.432372213973,33.6861033887991
4.75670087039075,18.4097849212966,33.6513420598412
4.7504870683296,18.3872510070239,33.616643977396
4.74428944251874,18.3647702891084,33.5820089943912
4.73810793001786,18.3423425862967,33.5474369641041
4.731942468212,18.319967718124,33.5129277401618
4.72579299480944,18.2976455049106,33.4784811765402
4.71965944783966,18.2753757677574,33.4440971275641
4.71354176565125,18.2531583285421,33.4097754479064
4.70743988690988,18.230993009915,33.3755159925875
4.70135375059624,18.2088796352952,33.3413186169752
4.69528329600407,18.1868180288666,33.307183176784
4.68922846273812,18.1648080155737,33.2731095280748
4.68318919071217,18.1428494211183,33.2390975272542
4.67716542014709,18.1209420719548,33.2051470310741
4.67115709156885,18.0990857952869,33.1712578966315
4.66516414580662,18.0772804190637,33.1374299813674
4.65918652399078,18.0555257719755,33.1036631430668
4.65322416755109,18.0338216834506,33.0699572398583
4.64727701821472,18.0121679836507,33.036312130213
4.64134501800444,17.9905645034682,33.0027276729448
4.63542810923667,17.9690110745213,32.9692037272089
4.62952623451972,17.9475075291511,32.9357401525024
4.62363933675185,17.9260537004179,32.9023368086629
4.61776735911956,17.9046494220968,32.8689935558685
4.61191024509566,17.8832945286748,32.835710254637
4.60606793843756,17.8619888553469,32.8024867658256
4.60024038318543,17.8407322380125,32.7693229506301
4.59442752366047,17.8195245132716,32.7362186705847
4.58862930446314,17.7983655184216,32.7031737875612
4.58284567047138,17.7772550914537,32.6701881637685
4.57707656683894,17.7561930710488,32.6372616617524
4.5713219389936,17.7351792965749,32.6043941443945
4.56558173263551,17.7142136080829,32.5715854749121
4.5598558937355,17.6932958463035,32.5388355168574
4.55414436853332,17.6724258526435,32.5061441341172
4.54844710353609,17.6516034691825,32.4735111909119
4.54276404551655,17.6308285386697,32.4409365517958
4.53709514151147,17.6101009045202,32.4084200816554
4.53144033881998,17.5894204108115,32.3759616457098
4.525799585002,17.5687869022808,32.3435611095097
4.52017282787658,17.5482002243209,32.3112183389368
4.51456001552033,17.5276602229774,32.2789332002034
4.50896109626585,17.5071667449454,32.246705559852
4.50337601870011,17.4867196375657,32.2145352847541
4.49780473166296,17.4663187488222,32.1824222421104
4.49224718424551,17.4459639273383,32.1503662994497
4.48670332578864,17.4256550223737,32.1183673246284
4.48117310588146,17.4053918838214,32.0864251858302
4.47565647435979,17.3851743622044,32.0545397515652
4.47015338130464,17.3650023086723,32.0227108906695
4.46466377704077,17.3448755749985,31.9909384723046
4.45918761213513,17.324794013577,31.9592223659566
4.45372483739548,17.3047574774191,31.9275624414359
4.44827540386883,17.2847658201507,31.8959585688765
4.44283926284008,17.2648188960086,31.8644106187354
4.4374163658305,17.2449165598381,31.8329184617921
4.43200666459638,17.2250586670896,31.8014819691476
4.42661011112754,17.2052450738156,31.7701010122244
4.42122665764597,17.1854756366677,31.7387754627655
4.41585625660441,17.1657502128939,31.7075051928341
4.41049886068495,17.1460686603351,31.6762900748124
4.40515442279768,17.1264308374226,31.6451299814018
4.39982289607932,17.1068366031749,31.6140247856217
4.39450423389182,17.087285817195,31.5829743608093
4.38919838982105,17.0677783396673,31.5519785806184
4.38390531767547,17.0483140313548,31.5210373190196
4.37862497148474,17.0288927535961,31.490150450299
4.37335730549848,17.0095143683028,31.4593178490579
4.3681022741849,16.9901787379565,31.4285393902122
4.36285983222951,16.970885725606,31.3978149489917
4.35762993453385,16.9516351948645,31.3671444009394
4.35241253621418,16.9324270099066,31.3365276219112
4.34720759260022,16.913261035466,31.3059644880748
4.34201505923389,16.8941371368324,31.2754548759097
4.33683489186805,16.8750551798486,31.2449986622059
4.33166704646523,16.8560150309084,31.2145957240637
4.32651147919642,16.837016556953,31.1842459388931
4.32136814643984,16.8180596254693,31.1539491844129
4.31623700477971,16.7991441044862,31.1237053386503
4.31111801100502,16.7802698625727,31.0935142799402
4.30601112210837,16.761436768835,31.0633758869247
4.30091629528474,16.7426446929138,31.0332900385521
4.2958334879303,16.7238935049816,31.0032566140767
4.29076265764126,16.7051830757404,30.9732754930579
4.28570376221269,16.6865132764187,30.9433465553599
4.28065675963732,16.6678839787694,30.9134696811504
4.27562160810445,16.6492950550668,30.8836447509008
4.27059826599876,16.6307463781042,30.853871645385
4.26558669189919,16.6122378211915,30.8241502456788
4.26058684457779,16.5937692581525,30.7944804331596
4.25559868299862,16.5753405633225,30.7648620895055
4.25062216631664,16.5569516115457,30.7352950966947
4.24565725387656,16.5386022781728,30.7057793370049
4.2407039052118,16.5202924390586,30.6763146930126
4.23576208004337,16.5020219705594,30.6469010475927
4.23083173827876,16.4837907495307,30.6175382839174
4.22591284001093,16.4655986533245,30.5882262854561
4.22100534551716,16.4474455597874,30.5589649359743
4.21610921525807,16.4293313472576,30.5297541195332
4.2112244098765,16.411255894563,30.5005937204892
4.2063508901965,16.3932190810187,30.4714836234928
4.20148861722228,16.3752207864243,30.4424237134884
4.19663755213716,16.3572608910621,30.4134138757135
4.19179765630258,16.3393392756944,30.384453995698
4.18696889125708,16.3214558215613,30.3555439592637
4.18215121871522,16.3036104103783,30.3266836525234
4.17734460056668,16.2858029243343,30.2978729618807
4.17254899887518,16.268033246089,30.2691117740287
4.16776437587752,16.2503012587706,30.2403999759502
4.16299069398261,16.2326068459738,30.2117374549162
4.15822791577046,16.2149498917574,30.183124098486
4.15347600399124,16.1973302806423,30.1545597945058
4.14873492156428,16.1797478976089,30.126044431109
4.14400463157717,16.162202628095,30.0975778967145
4.13928509728473,16.1446943579939,30.069160080027
4.13457628210814,16.127222973652,30.0407908700357
4.12987814963397,16.1097883618664,30.012470156014
4.12519066361321,16.0923904098833,29.9841978275186
4.12051378796044,16.0750290053953,29.9559737743892
4.1158474867528,16.0577040365395,29.9277978867476
4.11119172422916,16.0404153918957,29.8996700549971
4.10654646478916,16.0231629604835,29.8715901698219
4.10191167299236,16.005946631761,29.8435581221864
4.09728731355729,15.9887662956224,29.8155738033345
4.09267335136058,15.9716218423956,29.7876371047894
4.08806975143613,15.9545131628407,29.7597479183521
4.08347647897412,15.9374401481477,29.7319061361016
4.07889349932027,15.9204026899342,29.7041116503938
4.07432077797485,15.903400680244,29.6763643538611
4.06975828059193,15.8864340115443,29.6486641394113
4.06520597297843,15.8695025767243,29.6210109002278
4.06066382109337,15.8526062690931,29.5934045297679
4.05613179104691,15.8357449823772,29.5658449217631
4.05160984909964,15.8189186107193,29.5383319702178
4.04709796166163,15.8021270486759,29.5108655694091
4.0425960952917,15.7853701912153,29.4834456138858
4.03810421669655,15.7686479337157,29.4560719984682
4.03362229272993,15.7519601719635,29.4287446182468
4.02915029039188,15.7353068021512,29.4014633685825
4.02468817682789,15.7186877208753,29.3742281451051
4.02023591932811,15.7021028251348,29.3470388437134
4.01579348532655,15.6855520123289,29.3198953605739
4.0113608424003,15.6690351802555,29.2927975921208
4.00693795826875,15.6525522271091,29.265745435055
4.00252480079279,15.6361030514789,29.2387387863432
3.99812133797408,15.6196875523471,29.2117775432181
3.99372753795422,15.603305629087,29.1848616031767
3.98934336901403,15.586957181461,29.1579908639806
3.9849687995728,15.5706421096193,29.1311652236548
3.9806037981875,15.5543603140973,29.1043845804871
3.97624833355205,15.5381116958145,29.077648833028
3.97190237449658,15.5218961560724,29.0509578800891
3.96756588998669,15.5057135965526,29.0243116207435
3.96323884912271,15.4895639193154,28.9977099543245
3.95892122113898,15.4734470267977,28.971152780425
3.95461297540311,15.4573628218113,28.9446399988973
3.95031408141528,15.4413112075413,28.918171509852
3.94602450880751,15.4252920875442,28.8917472136576
3.94174422734295,15.4093053657465,28.8653670109398
3.93747320691519,15.3933509464425,28.839030802581
3.93321141754753,15.3774287342928,28.8127384897193
3.92895882939232,15.3615386343228,28.7864899737486
3.92471541273024,15.3456805519208,28.760285156317
3.92048113796961,15.3298543928364,28.7341239393269
3.91625597564574,15.3140600631786,28.7080062249341
3.91203989642019,15.2982974694147,28.6819319155474
3.90783287108017,15.2825665183679,28.6559009138275
3.90363487053782,15.2668671172162,28.6299131226868
3.89944586582954,15.2511991734907,28.6039684452887
3.89526582811535,15.2355625950737,28.5780667850468
3.89109472867826,15.2199572901975,28.5522080456246
3.88693253892352,15.2043831674422,28.5263921309343
3.88277923037809,15.1888401357347,28.5006189451368
3.87863477468991,15.1733281043469,28.4748883926409
3.87449914362729,15.1578469828939,28.4492003781025
3.87037230907828,15.1423966813327,28.4235548064239
3.86625424305,15.1269771099605,28.3979515827536
3.86214491766807,15.1115881794131,28.3723906124854
3.85804430517593,15.0962298006635,28.3468718012578
3.85395237793425,15.0809018850204,28.3213950549535
3.84986910842031,15.0656043441263,28.2959602796984
3.84579446922737,15.0503370899564,28.2705673818617
3.84172843306407,15.0351000348169,28.2452162680544
3.83767097275383,15.0198930913433,28.2199068451296
3.83362206123426,15.0047161724993,28.1946390201812
3.82958167155651,14.989569191575,28.1694127005435
3.82554977688474,14.9744520621856,28.1442277937906
3.82152635049549,14.9593646982697,28.119084207736
3.81751136577711,14.9443070140881,28.0939818504315
3.81350479622916,14.929278924222,28.0689206301672
3.80950661546186,14.914280343572,28.0439004554703
3.80551679719548,14.8993111873563,28.018921235105
3.80153531525977,14.8843713711092,27.9939828780714
3.79756214359345,14.86946081068,27.9690852936054
3.79359725624354,14.8545794222315,27.9442283911777
3.7896406273649,14.8397271222382,27.9194120804934
3.78569223121961,14.8249038274854,27.8946362714914
3.78175204217645,14.8101094550675,27.8699008743436
3.77782003471031,14.7953439223866,27.8452057994546
3.77389618340168,14.7806071471513,27.8205509574609
3.76998046293609,14.7658990473753,27.7959362592302
3.76607284810355,14.7512195413757,27.7713616158612
3.76217331379807,14.7365685477719,27.7468269386825
3.75828183501704,14.7219459854845,27.7223321392525
3.75439838686077,14.7073517737334,27.6978771293583
3.75052294453195,14.6927858320368,27.6734618210156
3.74665548333509,14.6782480802097,27.6490861264677
3.74279597867602,14.6637384383627,27.6247499581851
3.73894440606138,14.6492568269007,27.6004532288651
3.73510074109811,14.6348031665215,27.5761958514306
3.7312649594929,14.6203773782143,27.5519777390304
3.72743703705173,14.6059793832589,27.5277988050376
3.72361694967932,14.5916091032238,27.50365896305
3.71980467337865,14.5772664599655,27.4795581268888
3.71600018425049,14.5629513756266,27.4554962105982
3.71220345849283,14.5486637726351,27.431473128445
3.70841447240045,14.5344035737029,27.407488794918
3.7046332023644,14.5201707018243,27.3835431247271
3.70085962487153,14.5059650802752,27.359636032803
3.69709371650398,14.4917866326115,27.3357674342967
3.69333545393872,14.4776352826678,27.3119372445785
3.68958481394708,14.4635109545566,27.2881453792379
3.68584177339423,14.4494135726668,27.2643917540827
3.68210630923876,14.4353430616622,27.2406762851388
3.67837839853218,14.4212993464808,27.2169988886489
3.67465801841844,14.4072823523333,27.1933594810729
3.67094514613352,14.3932920047019,27.1697579790865
3.66723975900489,14.3793282293392,27.146194299581
3.66354183445113,14.3653909522667,27.1226683596627
3.65985134998141,14.3514800997743,27.0991800766524
3.65616828319508,14.3375955984183,27.0757293680846
3.6524926117812,14.3237373750208,27.0523161517073
3.64882431351809,14.3099053566682,27.0289403454808
3.64516336627289,14.2960994707104,27.005601867578
3.64150974800111,14.282319644759,26.9823006363831
3.63786343674622,14.2685658066871,26.9590365704914
3.63422441063917,14.2548378846272,26.9358095887087
3.63059264789797,14.2411358069706,26.9126196100505
3.62696812682727,14.2274595023662,26.8894665537419
