0,0,0
5.86407849457318,0.366590591900543,0.0916487193129396
11.7193913510181,0.733146902995028,0.183295295950271
17.5572165531888,1.09963466316218,0.274937587403364
23.3689188738202,1.4660196236433,0.366573451497514
29.1459921393815,1.83226756770604,0.458200746558839
34.880100161942,2.19834432128735,0.54981733158109
40.5631159305935,2.56421576360834,0.641421066392361
46.1871586853013,2.92984783775454,0.733009811821648
51.7446285324149,3.2952065612143,0.824581429865258
57.2282383025279,3.66025803636883,0.916133783853022
62.6310423968737,4.02496846092684,1.00766473861429
67.9464624168648,4.3893041382972,1.09917216064368
73.1683094215667,4.75323148789305,1.19065391826654
78.2908027087028,5.11671705536054,1.28210788180417
83.3085850650922,5.47972752272602,1.37353192373863
88.2167344812078,5.84222971845504,1.46492391887727
93.0107723708584,6.20419062741701,1.55628174451682
97.6866683800361,6.56557740074926,1.64760328060715
102.240841908058,6.92635736561446,1.73888640991452
106.670160498729,7.28649803484537,1.83012901818442
110.971935289003,7.64596711647114,1.9213289943039
115.143913727257,8.00473252311943,2.01248423046342
119.184269792787,8.36276238128872,2.10359262231813
123.091591962485,8.72002504048549,2.1946520691486
126.864869180032,9.07648908222079,2.28566047402098
130.503475087652,9.43212332886123,2.37661574394652
134.007150780794,9.78689685232933,2.46751579004046
137.375986342514,10.1407789826484,2.55835852768027
140.610401407245,10.4937393163271,2.64914187666318
143.711124993555,10.8457477245797,2.73986376136301
146.679174832906,11.1967743613773,2.83052211088628
149.515836406836,11.5467896713253,2.92111485922752
152.222641888834,11.895764397365,3.0116399454238
154.801349170031,12.2436695882931,3.1020953137085
157.253921129876,12.5904766060972,3.19247891366418
159.582505294918,12.9361571331037,3.28278870037463
161.789414010663,13.2806831789341,3.37302263457603
163.877105233759,13.624027087267,3.46317868280723
165.84816403464,13.9661615424033,3.55325481755905
167.705284884393,14.307059575632,3.64324901742269
169.451254784216,14.6466945713928,3.73315926723713
171.088937281552,14.9850402732354,3.82298355823557
172.621257403769,15.3220707895715,3.91271988819083
174.051187528325,15.6577605992184,4.00236626155971
175.381734197588,15.9920845567331,4.09192068962634
176.61592587697,16.325017897534,4.18138119064436
177.756801646659,16.65653624281,4.27074578997814
178.807400810066,16.9866156042162,4.36001252024275
179.770753395972,17.3152323883534,4.44917942144283
180.649871526281,17.642363401033,4.53824454111039
181.447741617156,17.9679858513254,4.62720593444129
182.167317378032,18.2920773553917,4.71606166443062
182.811513570541,18.6146159400989,4.80480980200683
183.383200487637,18.9355800464182,4.89344842616467
183.885199112052,19.2549485326072,4.98197562409679
184.320276912675,19.5727006771757,5.07038949132418
184.691144237355,19.8888161816357,5.15868813182523
185.000451260951,20.2032751730375,5.24686965816353
185.250785448156,20.5160582062906,5.33493219161437
185.444669491588,20.827146266273,5.42287386228985
185.584559686859,21.136520769728,5.51069280926269
185.672844707747,21.4441635669506,5.59838718068863
185.711844746142,21.7500569432665,5.68595513392745
185.703810983118,22.0541836203019,5.77339483566266
185.650925359194,22.3565267570503,5.86070446201964
185.555300613655,22.6570699507342,5.94788219868251
185.418980564584,22.9557972374669,6.03492624100943
185.243940603088,23.2526930927146,6.12183479414653
185.032088376927,23.5477424315624,6.2086060731403
184.785264640559,23.8409306087859,6.29523830304859
184.505244250273,24.1322434187318,6.38172971904999
184.193737284718,24.421667095009,6.46807856655186
183.852390272746,24.7091883099948,6.5542831012967
183.482787511948,24.9947941741568,6.64034158946706
183.08645246272,25.2784722351965,6.72625230778892
182.664849204044,25.5602104770144,6.81201354363349
182.219383938441,25.8399973185027,6.89762359511745
181.751406534747,26.1178216121672,6.98308077120166
181.262212098505,26.3936726425822,7.06838339178822
180.753042560776,26.6675401246822,7.15352978781599
180.225088277189,26.9394142018937,7.23851830135454
179.679489629901,27.2092854441098,7.3233472856964
179.11733862602,27.4771448455135,7.40801510544781
178.539680486762,27.7429838222508,7.49252013661772
177.947515222361,28.006794209959,7.57686076670531
177.341799188366,28.2685682611534,7.66103539478575
176.723446619552,28.5282986424767,7.74504243159438
176.093331138242,28.7859784318142,7.82888029960922
175.452287234266,29.0416011152792,7.91254743313183
174.80111171428,29.2951605840729,7.99604227836656
174.140565118547,29.5466511312216,8.07936329349801
173.471373103631,29.7960674481967,8.16250894876698
172.794227789796,30.04340462142,8.24547772654462
172.109789072188,30.2886581286592,8.32826812140501
171.418685895131,30.5318238353176,8.41087864019593
170.721517489102,30.7728979906211,8.4933078021081
170.018854570156,31.011877223708,8.57555413874259
169.311240501752,31.248758539624,8.65761619417668
168.599192419076,31.4835393152273,8.7394925250279
167.883202316123,31.7162172950079,8.82118170051648
167.163738095887,31.9467905868243,8.90268230252605
166.44124458414,32.1752576575619,8.98399292566268
165.716144507346,32.4016173287176,9.0651121773122
164.988839435359,32.625868771913,9.14603867769584
164.25971068958,32.8480115043417,9.22677105992419
163.529120217339,33.0680453841532,9.30730797004943
162.797411433284,33.2859706057783,9.38764806711594
162.064910028605,33.5017876951986,9.4677900232091
161.331924748938,33.7154975051641,9.54773252350255
160.598748141833,33.927101210364,9.62747426630362
159.86565727465,34.1366003025514,9.70701396309721
159.132914423793,34.3439965856285,9.78635033858786
158.400767736163,34.5492921706936,9.86548213074022
157.669451863728,34.7524894710545,9.94440809081787
156.9391885721,34.9535911972111,10.0231269834204
156.210187324001,35.1526003518112,10.1016375865187
155.482645838474,35.3495202245819,10.1799386914892
154.756750626722,35.5443543872407,10.2580291031453
154.032677505394,35.7371066883885,10.3359076397684
153.310592088154,35.9277812483886,10.4135731331365
152.590650256344,36.1163824542344,10.4910244285513
151.872998609525,36.3029149544078,10.568260384864
151.157774896671,36.4873836537329,10.6452798744987
150.445108428759,36.6697937082266,10.7220817834753
149.735120473494,36.8501505199494,10.7986650114298
149.027924632866,37.0284597318583,10.8750284716332
148.32362720423,37.2047272226664,10.9511710910095
147.622327525573,37.3789591017089,11.027091810151
146.924118305618,37.5511617038204,11.1027895833327
146.229085939369,37.7213415842253,11.1782633785252
145.537310809718,37.8895055134425,11.2535121774056
144.848867575681,38.0556604722086,11.3285349753671
144.163825447825,38.2198136464199,11.4033307815271
143.482248451424,38.381972422097,11.4778986187335
142.804195677871,38.542144380373,11.5522375235695
142.129721524825,38.7003372925077,11.6263465463573
141.458875925605,38.8565591149296,11.7002247511599
140.791704568253,39.0108179843081,11.7738712157812
140.128249104753,39.1631222126564,11.8472850317651
139.468547350796,39.3134802824689,11.9204653043929
138.812633476518,39.4619008418924,11.9934111526791
138.160538188607,39.6083926999347,12.0661217093659
137.512288904146,39.752964821711,12.138596120916
136.867909916555,39.8956263237296,12.2108335475045
136.227422553985,40.0363864692191,12.2828331630088
135.590845330492,40.1752546634979,12.3545941549974
134.958194090307,40.3122404493865,12.4261157247169
134.329482145514,40.4473535026658,12.4973970870784
133.704720407419,40.5806036275802,12.5684374706416
133.083917511898,40.7120007523889,12.6392361175983
132.467079938982,40.8415549249642,12.7097922837536
131.854212126953,40.9692763084397,12.7801052385072
131.245316581171,41.0951751769077,12.8501742648318
130.640393977886,41.2192619111683,12.9199986592514
130.039443263253,41.3415469945295,12.9895777318172
129.442461747767,41.4620410086601,13.0589108060836
128.849445196315,41.5807546294948,13.1279972190815
128.260387914052,41.6976986231945,13.1968363212911
127.675282828281,41.8128838421594,13.2654274766136
127.094121566525,41.9263212210982,13.3337700623411
126.516894530944,42.0380217731513,13.4018634691256
125.943590969289,42.1479965860714,13.4697071009468
125.374199042521,42.2562568184588,13.5373003750787
124.808705889267,42.3628136960539,13.6046427220549
124.247097687238,42.4676785080867,13.6717335856328
123.689359711763,42.5708626036831,13.7385724227568
123.135476391553,42.6723773883282,13.80515870352
122.585431361832,42.772234320388,13.8714919111254
122.039207514949,42.8704449076877,13.9375715418452
121.496787048582,42.9670207041486,14.0033971049795
120.958151511651,43.0619733064822,14.0689681228141
120.423281848034,43.1553143509423,14.1342841305767
119.892158438196,43.2470555101351,14.1993446763925
119.364761138811,43.3372084898867,14.2641493212384
118.841069320485,43.4257850261687,14.3286976388966
118.321061903653,43.5127968820812,14.3929892159071
117.804717392736,43.598255844893,14.4570236515187
117.292013908642,43.6821737231395,14.5208005576396
116.782929219681,43.7645623437775,14.5843195587873
116.277440770964,43.845433549397,14.6475802920364
115.77552571236,43.9247991954892,14.710582406967
115.277160925076,44.0026711477711,14.7733255656108
114.78232304692,44.0790612795667,14.8358094423972
114.290988496304,44.1539814692426,14.8980337240983
113.803133495054,44.2274435977004,14.959998109773
113.318734090072,44.299459545923,15.02170231071
112.837766173904,44.3700411925764,15.0831460503705
112.36020550427,44.4392004116649,15.1443290643296
111.886027722594,44.5069490702405,15.2052511002174
111.415208371589,44.5732990261661,15.2659119176588
110.94772291193,44.6382621259304,15.3263112882126
110.483546738064,44.7018502025166,15.3864489953106
110.022655193202,44.7640750733219,15.4463248341945
109.565023583505,44.8249485381291,15.505938611854
109.110627191542,44.8844823771291,15.5652901469623
108.659441289008,44.9426883489929,15.624379269812
108.211441148774,44.999578188995,15.6832058222504
107.766602056276,45.0551636071847,15.7417696576136
107.324899320284,45.1094562866068,15.8000706406601
106.886308283073,45.1624678815702,15.8581086475039
106.450804330033,45.2142100159644,15.9158835655473
106.018362898733,45.2646942816229,15.9733952934121
105.588959487472,45.3139322367324,16.0306437408717
105.162569663335,45.361935404289,16.087628828781
104.739169069788,45.4087152705985,16.1443504890071
104.318733433811,45.4542832838218,16.2008086643588
103.90123857262,45.4986508525641,16.2570033085157
103.486660399975,45.5418293445079,16.3129343859565
103.074974932096,45.5838300850878,16.3686018718877
102.666158293218,45.6246643562086,16.4240057521708
102.260186720791,45.6643433950037,16.4791460232495
101.857036570337,45.7028783926351,16.5340226920766
101.456684320003,45.7402804931336,16.5886357760401
101.059106574788,45.7765607922779,16.6429853028892
100.664280070501,45.8117303365135,16.6970713106597
100.272181677426,45.8458001219092,16.7508938475993
99.8827884037334,45.8787810931518,16.8044529720918
99.496077398634,45.9106841425775,16.8577487525821
99.1120259553003,45.9415201092398,16.9107812674995
98.7306115135552,45.9712997780129,16.963550605182
98.3518116623472,46.0000338787311,17.0160568637993
97.9756041420184,46.0277330853615,17.0683001512757
97.601966846377,46.0544080152114,17.1202805852134
97.2308778245837,46.0800692281688,17.1719982928143
96.8623152828598,46.1047272259754,17.2234534108026
96.4962575860281,46.1283924515317,17.2746460853468
96.1326832588923,46.1510752882334,17.3255764719812
95.7715709874654,46.1727860593388,17.3762447355272
95.412899620052,46.1935350273665,17.4266510500154
95.0566481681947,46.2133323935218,17.4767955986055
94.702795807489,46.2321882971534,17.5266785735083
94.3513218782747,46.2501128152378,17.5763001759056
94.00220588621,46.2671159618909,17.6256606158711
93.6554275027336,46.2832076879085,17.674760112291
93.3109665654218,46.2983978803316,17.7235988927836
92.9688030782447,46.312696362039,17.7721771936204
92.6289172117282,46.3261128913651,17.820495259645
92.2912893030254,46.3386571617422,17.8685533441942
91.9558998559033,46.3503388013683,17.9163517090169
91.6227295406493,46.361167372897,17.9638906241943
91.2917591939006,46.3711523731529,18.0111703680595
90.9629698184026,46.3803032328675,18.0581912271172
90.6363425826991,46.3886293164395,18.1049534959632
90.3118588207575,46.3961399217148,18.1514574772039
89.989500031535,46.4028442797895,18.1977034813761
89.6692478784863,46.408751554832,18.2436918268664
89.3510841890185,46.4138708439268,18.2894228398306
89.0349909538946,46.4182111769367,18.3348968541133
88.7209503265903,46.4217815163846,18.3801142111676
88.4089446226054,46.424590757355,18.4250752599747
88.0989563187335,46.4266477274117,18.4697803569632
87.7909680522922,46.4279611865354,18.5142298659292
87.4849626203168,46.4285398270772,18.5584241579558
87.1809229787194,46.4283922737293,18.6023636113332
86.8788322414151,46.4275270835126,18.6460486114782
86.5786736794195,46.4259527457795,18.6894795508544
86.2804307199169,46.4236776822324,18.7326568288925
85.9840869453033,46.4207102469581,18.7755808519102
85.6896260922053,46.4170587264754,18.8182520330326
85.3970320504759,46.4127313397986,18.8606707921126
85.1062888621703,46.407736238513,18.902837555652
84.8173807205028,46.4020815068659,18.9447527567213
84.5302919687856,46.3957751618688,18.9864168348814
84.2450070993521,46.3888251534136,19.0278302361043
83.9615107524652,46.3812393644001,19.0689934126944
83.6797877152129,46.3730256108759,19.10990682321
83.3998229203909,46.3641916421883,19.1505709323844
83.1216014453758,46.3547451411461,19.1909862110485
82.8451085109871,46.3446937241933,19.2311531360521
82.5703294803416,46.3340449415932,19.2710721901865
82.2972498577002,46.3228062776218,19.3107438621066
82.0258552873078,46.3109851507721,19.3501686462539
81.7561315522277,46.298588913967,19.3893470427789
81.4880645731714,46.2856248547821,19.4282795574648
81.2216404073244,46.2721001956762,19.4669667016505
80.9568452471689,46.2580220942317,19.505408992154
80.6936654193042,46.2433976434024,19.543606951197
80.4320873832656,46.2282338717693,19.5815611063282
80.1720977303422,46.212537743804,19.6192719903483
79.9136831823944,46.1963161601398,19.6567401412344
79.656830590672,46.1795759578496,19.6939661020653
79.4015269346328,46.1623239107303,19.7309504209462
79.1477593207631,46.1445667295946,19.7676936509349
78.8955149813999,46.1263110625682,19.8041963499674
78.6447812735555,46.1075634953931,19.8404590807838
78.3955456777453,46.0883305517374,19.8764824108555
78.1477957968186,46.0686186935097,19.9122669123112
77.9015193547937,46.0484343211795,19.9478131618648
77.6567041956965,46.0277837741019,19.9831217407422
77.4133382824043,46.0066733308481,20.0181932346096
77.1714096954936,45.9851092095395,20.0530282335014
76.9309066320943,45.9630975681865,20.0876273317489
76.6918174047481,45.9406445050322,20.121991127909
76.4541304402737,45.9177560588986,20.1561202246933
76.2178342786371,45.894438209538,20.1900152288978
75.9829175718294,45.870696877987,20.2236767513329
75.7493690827497,45.8465379269242,20.2571054067536
75.5171776840959,45.8219671610311,20.2903018137901
75.2863323572619,45.7969903273558,20.323266594879
75.0568221912416,45.7716131156799,20.3560003761945
74.8286363815412,45.7458411588874,20.3885037875803
74.601764229098,45.7196800333366,20.4207774624821
74.376195139207,45.6931352592341,20.4528220378796
74.1519186204555,45.666212301011,20.4846381542198
73.9289242836658,45.6389165677007,20.5162264553505
73.7072018408447,45.6112534133192,20.5475875884538
73.4867411041426,45.5832281372466,20.5787222039804
73.2675319848198,45.5548459846102,20.6096309555841
73.0495644922213,45.5261121466687,20.6403145000571
72.8328287327599,45.4970317611985,20.6707734972648
72.6173149089076,45.4676099128803,20.7010086100822
72.4030133181962,45.4378516336868,20.73102050433
72.1899143522251,45.4077619032716,20.760809848711
71.9780084956789,45.3773456493585,20.7903773147474
71.7672863253527,45.3466077481317,20.8197235767182
71.5577385091867,45.3155530246262,20.8488493115972
71.349355805309,45.2841862531187,20.8777551989915
71.1421290610872,45.2525121575189,20.9064419210797
70.936049212189,45.2205354117608,20.934910162552
70.7311072816507,45.188260640194,20.9631606105491
70.5272943789555,45.1556924179754,20.9911939546026
70.3246016991195,45.12283527146,21.0190108865757
70.1230205217871,45.0896936785924,21.0466121006036
69.9225422103345,45.0562720692971,21.0739982930357
69.7231582109826,45.0225748258691,21.1011701623767
69.5248600519177,44.9886062833635,21.1281284092294
69.3276393424216,44.9543707299847,21.1548737362371
69.1314877720097,44.9198724074752,21.181406848027
68.9363971095784,44.8851155115033,21.2077284511537
68.74235920256,44.8501041920502,21.2338392540434
68.5493659760874,44.8148425537959,21.2597399669383
68.3574094321661,44.7793346565049,21.2854313018415
68.1664816488554,44.7435845154097,21.3109139724628
67.9765747794581,44.7075961015948,21.3361886941641
67.7876810517175,44.6713733423777,21.3612561839058
67.5997927670243,44.6349201216904,21.386117160194
67.4129022996301,44.5982402804586,21.410772343027
67.2270020958709,44.5613376169798,21.4352224538438
67.0420846733969,44.5242158873003,21.4594682154715
66.8581426204121,44.4868788055903,21.4835103520743
66.6751685949207,44.4493300445183,21.5073495891023
66.4931553239826,44.4115732356229,21.5309866532411
66.3120956029755,44.3736119696838,21.5544222723618
66.1319822948667,44.3354497970914,21.5776571754711
65.9528083294909,44.2970902282136,21.6006920926626
65.7745667028369,44.2585367337623,21.6235277550675
65.5972504763419,44.2197927451572,21.6461648948068
65.4208527761934,44.1808616548881,21.6686042449433
65.2453667926381,44.1417468168754,21.6908465394342
65.0707857792994,44.102451546829,21.7128925130844
64.8971030525015,44.0629791226051,21.7347429014995
64.7243119906015,44.0233327845606,21.7563984410406
64.5524060333283,43.9835157359067,21.777859868778
64.3813786811295,43.9435311430595,21.7991279224465
64.2112234945245,43.903382135989,21.8202033404004
64.0419340934659,43.8630718085664,21.8410868615697
63.8735041567073,43.8226032189087,21.8617792254159
63.7059274211781,43.7819793897217,21.8822811718888
63.5391976813655,43.7412033086409,21.9025934413836
63.3733087887035,43.7002779285699,21.9227167746985
63.2082546509685,43.6592061680173,21.9426519129927
63.0440292316814,43.6179909114311,21.9623995977446
62.880626549517,43.5766350095305,21.9819605707108
62.71804067772,43.5351412796367,22.0013355738856
62.5562657435266,43.4935125060002,22.0205253494602
62.3952959275939,43.4517514401268,22.0395306397833
62.235125463435,43.4098608011012,22.0583521873218
62.0757486368604,43.3678432759077,22.0769907346213
61.9171597854261,43.32570151975,22.0954470242679
61.7593532978879,43.2834381563675,22.1137217988502
61.6023236136614,43.2410557783497,22.1318158009212
61.4460652222885,43.198556947449,22.1497297729615
61.2905726629101,43.1559441948901,22.1674644573421
61.1358405237442,43.1132200216781,22.1850205962882
60.9818634415707,43.0703868989039,22.202398931843
60.8286361012214,43.0274472680471,22.2196002058324
60.6761532350759,42.9844035412771,22.2366251598296
60.5244096225635,42.9412581017518,22.2534745351203
60.3734000896707,42.8980133039134,22.2701490726686
60.223119508454,42.8546714737827,22.286649513083
60.0735627965587,42.8112349092511,22.3029765965829
59.9247249167426,42.767705880369,22.3191310629652
59.7766008764061,42.7240866296342,22.3351136515721
59.6291857271261,42.6803793722754,22.3509251012583
59.482474564197,42.6365862965357,22.3665661503596
59.3364625261756,42.5927095639522,22.3820375366609
59.1911447944318,42.5487513096343,22.3973399973657
59.0465165927042,42.504713642539,22.4124742690646
58.9025731866607,42.4605986457443,22.4274410877057
58.7593098834649,42.4164083767206,22.4422411885645
58.616722031346,42.3721448675989,22.4568753062142
58.4748050191747,42.3278101254379,22.4713441744964
58.333554276044,42.283406132488,22.4856485264931
58.1929652708538,42.2389348464531,22.4997890944975
58.0530335119013,42.1943982007507,22.5137666099863
57.9137545464756,42.149798104769,22.5275818035924
57.7751239604567,42.1051364441226,22.541235405077
57.6371373779196,42.0604150809053,22.5547281433034
57.4997904607424,42.0156358539406,22.5680607462102
57.3630789082193,41.9708005790308,22.5812339407851
57.2269984566776,41.9259110492032,22.5942484530393
57.0915448790996,41.880969034954,22.6071050079822
56.9567139847479,41.8359762844908,22.619804329596
56.8225016187961,41.7909345239718,22.6323471408114
56.688903661963,41.745845457744,22.6447341634832
56.5559160301508,41.7007107685783,22.6569661183662
56.4235346740879,41.655532117903,22.6690437250918
56.2917555789759,41.6103111460349,22.6809677021445
56.1605747641395,41.5650494724083,22.6927387668394
56.0299882826819,41.5197486958022,22.7043576352993
55.8999922211428,41.4744103945648,22.7158250224324
55.7705826991614,41.4290361268365,22.7271416419109
55.641755869142,41.3836274307701,22.738308206149
55.5135079159245,41.3381858247501,22.7493254262821
55.3858350564581,41.2927128076085,22.7601940121454
55.2587335394785,41.2472098588397,22.7709146722539
55.1321996451893,41.2016784388126,22.7814881137822
55.0062296849468,41.1561199889811,22.7919150425439
54.8808200009477,41.1105359320929,22.8021961629731
54.7559669659216,41.0649276723949,22.8123321781043
54.6316669828258,41.0192965958388,22.822323789554
54.5079164845442,40.9736440702825,22.8321716975018
54.3847119335891,40.9279714456909,22.8418766006725
54.2620498218073,40.8822800543347,22.8514391963176
54.1399266700881,40.8365712109865,22.860860180198
54.0183390280757,40.7908462131156,22.8701402465668
53.8972834738845,40.7451063410808,22.8792800881518
53.7767566138176,40.6993528583211,22.8882803961389
53.6567550820881,40.6535870115448,22.8971418601562
53.5372755405442,40.6078100309162,22.9058651682567
53.4183146783966,40.5620231302415,22.9144510069038
53.2998692119501,40.5162275071512,22.9229000609546
53.1819358843364,40.4704243432827,22.9312130136453
53.0645114652519,40.4246148044589,22.9393905465759
52.9475927506971,40.3788000408671,22.9474333396957
52.8311765627191,40.3329811872346,22.9553420712888
52.7152597491573,40.2871593630029,22.9631174179597
52.599839183392,40.2413356725008,22.9707600546199
52.4849117640951,40.1955112051148,22.978270654474
52.3704744149846,40.1496870354583,22.9856498890065
52.2565240845805,40.1038642235389,22.9928984279686
52.1430577459651,40.0580438149245,23.0000169393656
52.0300723965442,40.0122268409064,23.0070060894443
51.9175650578122,39.9664143186625,23.0138665426808
51.8055327751193,39.9206072514174,23.0205989617683
51.6939726174412,39.8748066286012,23.0272040076057
51.5828816771516,39.8290134260075,23.0336823392859
51.4722570697971,39.7832286059483,23.0400346140844
51.3620959338744,39.7374531174087,23.0462614874488
51.2523954306102,39.6916878961989,23.0523636129877
51.1431527437436,39.6459338651056,23.0583416424602
51.0343650793102,39.6001919340407,23.0641962257658
50.9260296654298,39.5544630001897,23.0699280109345
50.8181437520951,39.5087479481573,23.0755376441167
50.7107046109636,39.4630476501126,23.0810257695739
50.6037095351516,39.4173629659319,23.0863930296694
50.49715583903,39.3716947433407,23.0916400648593
50.3910408580229,39.3260438180534,23.0967675136832
50.2853619484082,39.2804110139124,23.1017760127565
50.1801164871203,39.2347971430251,23.1066661967609
50.0753018715549,39.1892030058997,23.1114386984372
49.9709155193761,39.1436293915795,23.1160941485767
49.8669548683255,39.0980770777761,23.120633176014
49.7634173760331,39.0525468310001,23.1250564076189
49.6603005198311,39.0070394066923,23.1293644682896
49.5576017965685,38.9615555493512,23.1335579809455
49.4553187224288,38.9160959926612,23.13763756652
49.3534488327487,38.8706614596184,23.1416038439542
49.2519896818398,38.8252526626547,23.1454574301905
49.1509388428113,38.7798703037616,23.1491989401658
49.0502939073952,38.734515074612,23.1528289868059
48.950052485773,38.6891876566805,23.1563481810195
48.8502122064043,38.6438887213634,23.1597571316925
48.7507707158577,38.5986189300961,23.1630564456825
48.6517256786429,38.5533789344701,23.1662467278136
48.5530747770449,38.5081693763485,23.1693285808711
48.45481571096,38.4629908879804,23.1723026055968
48.3569461977335,38.4178440921135,23.1751694006841
48.2594639719988,38.3727296021064,23.1779295627736
48.162366785519,38.3276480220385,23.1805836864485
48.0656524070292,38.2825999468203,23.1831323642307
47.9693186220814,38.2375859623004,23.1855761865764
47.8733632328904,38.1926066453736,23.1879157418728
47.7777840581816,38.147662564086,23.1901516164338
47.6825789330403,38.1027542777398,23.1922843944969
47.5877457087626,38.057882336997,23.1943146582197
47.4932822527084,38.0130472839817,23.1962429876771
47.3991864481547,37.9682496523812,23.1980699608574
47.3054561941518,37.9234899675464,23.1997961536606
47.2120894053803,37.8787687465904,23.2014221398947
47.1190840120096,37.8340864984871,23.202948491274
47.0264379595583,37.7894437241676,23.204375777416
46.9341492087552,37.744840916616,23.2057045658398
46.8422157354032,37.7002785609644,23.2069354219634
46.7506355302428,37.6557571345864,23.2080689091026
46.659406598819,37.6112771071897,23.2091055884683
46.5685269613476,37.566838940908,23.2100460191657
46.4779946525845,37.5224430903916,23.2108907581923
46.3878077216954,37.4780900028964,23.2116403604367
46.2979642321275,37.4337801183736,23.2122953786775
46.2084622614816,37.3895138695561,23.2128563635821
46.1192999013871,37.3452916820463,23.2133238637058
46.0304752573762,37.3011139744011,23.2136984254914
45.9419864487613,37.2569811582165,23.2139805932677
45.8538316085128,37.2128936382123,23.2141709092499
45.7660088831378,37.1688518123138,23.2142699135386
45.6785164325611,37.1248560717347,23.2142781441198
45.5913524300063,37.0809068010574,23.2141961368647
45.504515061879,37.0370043783136,23.2140244255296
45.4180025276506,36.9931491750632,23.2137635417563
45.3318130397438,36.9493415564728,23.213414015072
45.2459448234186,36.9055818813933,23.2129763728897
45.1603961166602,36.8618705024358,23.212451140509
45.0751651700678,36.8182077660483,23.2118388411162
44.9902502467439,36.7745940125898,23.2111399957854
44.9056496221858,36.7310295764045,23.210355123479
44.8213615841777,36.6875147858952,23.2094847410491
44.7373844326832,36.6440499635955,23.2085293632377
44.6537164797404,36.6006354262415,23.2074895026789
44.5703560493567,36.5572714848422,23.2063656698993
44.4873014774052,36.5139584447499,23.2051583733197
44.4045511115225,36.4706966057289,23.2038681192565
44.3221033110067,36.4274862620244,23.2024954119234
44.2399564467172,36.3843277024295,23.2010407534329
44.1581089009751,36.3412212103526,23.1995046437981
44.0765590674646,36.298167063883,23.1978875809344
43.9953053511356,36.2551655358566,23.1961900606619
43.9143461681073,36.2122168939203,23.1944125767068
43.8336799455722,36.1693214005959,23.1925556207043
43.7533051217019,36.1264793133432,23.1906196822
43.6732201455534,36.0836908846225,23.1886052486531
43.5934234769761,36.0409563619562,23.186512805438
43.51391358652,35.9982759879899,23.1843428358473
43.4346889553452,35.9556500005527,23.1820958210942
43.3557480751315,35.9130786327167,23.1797722403152
43.2770894479895,35.870562112856,23.177372570573
43.1987115863721,35.8281006647053,23.1748972868591
43.1206130129875,35.785694507417,23.1723468620967
43.0427922607127,35.7433438556182,23.1697217671438
42.9652478725075,35.7010489194676,23.1670224707966
42.8879784013301,35.6588099047105,23.1642494397919
42.8109824100528,35.6166270127339,23.1614031388109
42.7342584713793,35.5745004406214,23.1584840304824
42.6578051677621,35.5324303812063,23.155492575386
42.5816210913208,35.4904170231254,23.1524292320558
42.5057048437619,35.4484605508711,23.1492944569835
42.4300550362985,35.4065611448433,23.1460887046225
42.3546702895713,35.3647189814011,23.142812427391
42.27954923357,35.3229342329135,23.1394660756763
42.2046905075563,35.2812070678093,23.1360500978381
42.1300927599863,35.2395376506269,23.1325649402124
42.0557546484348,35.1979261420633,23.1290110471158
41.98167483952,35.1563726990226,23.1253888608491
41.9078520088287,35.1148774746641,23.1216988217012
41.8342848408424,35.0734406184491,23.1179413679537
41.760972028864,35.0320622761883,23.1141169358847
41.6879122749457,34.9907425900879,23.1102259597728
41.6151042898167,34.9494816987952,23.106268871902
41.5425467928125,34.9082797374439,23.1022461025654
41.4702385118043,34.8671368376989,23.0981580800699
41.3981781831291,34.8260531278004,23.0940052307405
41.3263645515211,34.7850287326077,23.0897879789248
41.2547963700428,34.7440637736419,23.0855067469975
41.1834724000173,34.7031583691294,23.0811619553652
41.1123914109616,34.6623126340432,23.0767540224705
41.0415521805197,34.6215266801452,23.0722833647973
40.970953494397,34.5808006160273,23.0677503968752
40.9005941462947,34.5401345471518,23.0631555312841
40.8304729378459,34.499528575892,23.0584991786594
40.7605886785509,34.458982801572,23.0537817476965
40.6909401857143,34.4184973205059,23.0490036451561
40.6215262843821,34.3780722260366,23.0441652758687
40.5523458072794,34.3377076085744,23.0392670427397
40.4833975947488,34.297403555635,23.0343093467548
40.4146804946896,34.257160151877,23.0292925869846
40.3461933624974,34.2169774791388,23.0242171605897
40.2779350610037,34.1768556164756,23.0190834628263
40.2099044604172,34.1367946401956,23.013891887051
40.1421004382648,34.0967946238955,23.0086428247258
40.0745218793332,34.0568556384963,23.0033366654241
40.0071676756116,34.0169777522782,22.9979737968351
39.9400367262346,33.9771610309151,22.9925546047697
39.8731279374249,33.9374055375088,22.9870794731658
39.8064402224383,33.897711332623,22.9815487840933
39.7399725015073,33.8580784743164,22.9759629177598
39.6737237017866,33.8185070181758,22.9703222525161
39.6076927572982,33.778997017349,22.9646271648615
39.5418786088777,33.7395485225768,22.9588780294493
39.4762802041207,33.7001615822247,22.9530752190925
39.4108964973298,33.6608362423149,22.947219104769
39.3457264494617,33.6215725465569,22.9413100556277
39.2807690280759,33.5823705363786,22.9353484389935
39.2160232072826,33.5432302509567,22.9293346203735
39.1514879676917,33.5041517272465,22.9232689634621
39.0871622963621,33.465135000012,22.9171518301472
39.0230451867519,33.4261801018549,22.9109835805155
38.9591356386685,33.3872870632437,22.9047645728585
38.8954326582191,33.3484559125426,22.8984951636779
38.8319352577622,33.3096866760396,22.8921757076918
38.7686424558594,33.2709793779744,22.88580655784
38.7055532772272,33.2323340405665,22.8793880652902
38.6426667526894,33.1937506840421,22.8729205794437
38.5799819191307,33.1552293266615,22.8664044479411
38.5174978194492,33.1167699847455,22.8598400166683
38.4552135025111,33.0783726727022,22.8532276297623
38.3931280231043,33.0400374030524,22.8465676296171
38.3312404418933,33.0017641864563,22.8398603568896
38.2695498253742,32.9635530317384,22.8331061505055
38.2080552458301,32.9254039459125,22.8263053476654
38.1467557812873,32.8873169342073,22.8194582838503
38.0856505154709,32.8492920000904,22.8125652928283
38.0247385377621,32.8113291452928,22.8056267066596
37.9640189431549,32.7734283698329,22.7986428557034
37.9034908322134,32.7355896720402,22.7916140686233
37.8431533110302,32.6978130485791,22.7845406723936
37.7830054911837,32.6600984944714,22.7774229923051
37.7230464896974,32.6224460031199,22.7702613519713
37.6632754289986,32.5848555663305,22.7630560733343
37.6036914368774,32.5473271743351,22.7558074766711
37.5442936464467,32.5098608158132,22.7485158805993
37.4850811961022,32.472456477914,22.7411816020832
37.4260532294824,32.435114146278,22.7338049564402
37.3672088954299,32.3978338050583,22.7263862573465
37.3085473479517,32.3606154369417,22.7189258168434
37.2500677461814,32.3234590231693,22.7114239453433
37.1917692543404,32.2863645435576,22.7038809516358
37.1336510417002,32.2493319765183,22.6962971428937
37.0757122825447,32.2123612990787,22.6886728246793
37.0179521561332,32.1754524869015,22.6810083009502
36.9603698466631,32.1386055143044,22.6733038740659
36.9029645432336,32.1018203542796,22.6655598447932
36.8457354398091,32.0650969785129,22.6577765123131
36.7886817351838,32.0284353574024,22.6499541742262
36.7318026329453,31.9918354600777,22.6420931265594
36.6750973414398,31.9552972544179,22.6341936637714
36.6185650737371,31.9188207070704,22.6262560787595
36.5622050475954,31.8824057834683,22.6182806628651
36.5060164854271,31.8460524478488,22.6102677058804
36.4499986142651,31.8097606632705,22.6022174960539
36.3941506657282,31.7735303916312,22.594130320097
36.3384718759881,31.7373615936846,22.5860064631899
36.282961485736,31.7012542290575,22.5778462089877
36.2276187401496,31.6652082562668,22.5696498396266
36.1724428888605,31.629223632736,22.56141763573
36.1174331859217,31.5933003148115,22.5531498764145
36.0625888897755,31.5574382577786,22.5448468392962
36.0079092632219,31.5216374158783,22.5365088004965
35.9533935733864,31.4858977423222,22.5281360346486
35.8990410916895,31.4502191893088,22.5197288149031
35.8448510938151,31.4146017080383,22.5112874129346
35.7908228596799,31.3790452487288,22.5028120989474
35.7369556734031,31.3435497606303,22.4943031416817
35.6832488232757,31.3081151920405,22.4857608084199
35.629701601731,31.2727414903191,22.4771853649923
35.5763133053144,31.2374286019021,22.4685770757833
35.5230832346544,31.2021764723167,22.4599362037376
35.4700106944329,31.1669850461954,22.451263010366
35.4170949933565,31.1318542672896,22.4425577557517
35.364335444128,31.0967840784839,22.4338206985561
35.3117313634172,31.0617744218095,22.4250520960251
35.2592820718332,31.0268252384582,22.4162522039949
35.2069868938963,30.9919364687949,22.407421276898
35.1548451580101,30.9571080523718,22.3985595677694
35.102856196434,30.9223399279408,22.3896673282524
35.0510193452558,30.8876320334665,22.3807448086049
34.999333944365,30.8529843061391,22.3717922577049
34.9477993374252,30.8183966823867,22.3628099230568
34.8964148718483,30.7838690978883,22.3537980507974
34.8451798987674,30.7494014875851,22.3447568857017
34.7940937730111,30.7149937856938,22.3356866711888
34.7431558530771,30.6806459257174,22.3265876493282
34.6923655011068,30.6463578404581,22.3174600608452
34.6417220828597,30.6121294620282,22.3083041451271
34.5912249676878,30.5779607218622,22.2991201402293
34.5408735285107,30.5438515507277,22.2899082828807
34.4906671417906,30.5098018787373,22.2806688084899
34.4406051875077,30.4758116353589,22.2714019511512
34.3906870491357,30.4418807494277,22.2621079436501
34.3409121136173,30.4080091491563,22.2527870174695
34.2912797713401,30.3741967621455,22.2434394027952
34.241789416113,30.3404435153954,22.2340653285219
34.1924404451423,30.3067493353154,22.2246650222592
34.143232259008,30.2731141477347,22.2152387103369
34.0941642616409,30.2395378779127,22.2057866178114
34.0452358602991,30.2060204505486,22.196308968471
33.9964464655451,30.172561789792,22.1868059848419
33.9477954912234,30.1391618192523,22.1772778881938
33.8992823544375,30.1058204620086,22.1677248985457
33.8509064755276,30.0725376406192,22.1581472346718
33.8026672780486,30.0393132771314,22.1485451141068
33.754564188748,30.0061472930904,22.1389187531521
33.7065966375439,29.973039609549,22.1292683668812
33.6587640575036,29.9399901470766,22.1195941691451
33.6110658848218,29.9069988257678,22.1098963725786
33.5635015587995,29.8740655652523,22.1001751886054
33.5160705218229,29.8411902847028,22.090430827444
33.468772219342,29.8083729028441,22.0806634981132
33.4216060998506,29.7756133379616,22.0708734084377
33.3745716148648,29.74291150791,22.0610607650537
33.327668218903,29.7102673301214,22.0512257734145
33.2808953694655,29.6776807216136,22.0413686377961
33.2342525270145,29.6451515989987,22.0314895613025
33.1877391549538,29.6126798784905,22.0215887458716
33.1413547196091,29.5802654759132,22.0116663922803
33.0950986902086,29.5479083067088,22.0017227001503
33.048970538863,29.5156082859449,21.9917578679533
33.0029697405466,29.4833653283225,21.981772093017
32.957095773078,29.451179348184,21.9717655715297
32.9113481171007,29.4190502595196,21.9617384985466
32.8657262560646,29.3869779759761,21.9516910679945
32.8202296762073,29.3549624108631,21.9416234726777
32.7748578665351,29.3230034771606,21.9315359042832
32.7296103188048,29.2911010875263,21.9214285533859
32.6844865275055,29.2592551543026,21.9113016094544
32.6394859898403,29.2274655895232,21.9011552608556
32.5946082057083,29.1957323049203,21.8909896948609
32.5498526776865,29.1640552119315,21.8808050976507
32.5052189110127,29.1324342217059,21.8706016543204
32.4607064135672,29.1008692451115,21.8603795488851
32.4163146958558,29.069360192741,21.8501389642849
32.3720432709921,29.0379069749187,21.8398800823907
32.3278916546808,29.0065095017069,21.8296030840087
32.2838593652002,28.9751676829118,21.8193081488859
32.2399459233856,28.9438814280899,21.8089954557155
32.1961508526122,28.9126506465544,21.7986651821418
32.152473678779,28.8814752473806,21.7883175047653
32.1089139302914,28.8503551394127,21.7779525991479
32.0654711380458,28.819290231269,21.7675706398184
32.0221448354123,28.7882804313481,21.7571718002768
31.9789345582197,28.7573256478343,21.7467562530001
31.9358398447384,28.7264257887039,21.7363241694471
31.8928602356652,28.69558076173,21.7258757200634
31.8499952741073,28.6647904744887,21.7154110742865
31.8072445055665,28.6340548343643,21.7049304005506
31.7646074779241,28.6033737485545,21.694433866292
31.722083741425,28.572747124076,21.6839216379539
31.6796728486628,28.5421748677698,21.673393880991
31.6373743545642,28.5116568863059,21.662850759875
31.5951878163745,28.4811930861891,21.6522924380993
31.5531127936422,28.4507833737636,21.6417190781837
31.5111488482043,28.420427655218,21.6311308416797
31.4692955441716,28.3901258365904,21.6205278891749
31.4275524479143,28.3598778237733,21.6099103802982
31.3859191280471,28.329683522518,21.5992784737245
31.3443951554152,28.2995428384399,21.5886323271797
31.3029801030796,28.2694556770227,21.577972097445
31.2616735463037,28.2394219436232,21.5672979403625
31.2204750625381,28.209441543476,21.556610010839
31.1793842314079,28.1795143816977,21.5459084628517
31.138400634698,28.1496403632915,21.5351934494519
31.0975238563394,28.1198193931516,21.5244651227709
31.0567534823962,28.0900513760674,21.5137236340235
31.0160891010513,28.060336216728,21.5029691335137
30.9755303025936,28.030673819726,21.4922017706386
30.9350766794043,28.001064089562,21.4814216938933
30.8947278259435,27.9715069306486,21.4706290508759
30.8544833387378,27.9420022473144,21.4598239882913
30.8143428163664,27.9125499438081,21.4490066519567
30.7743058594489,27.8831499243022,21.4381771868052
30.7343720706317,27.8538020928973,21.4273357368914
30.6945410545762,27.8245063536253,21.4164824453949
30.6548124179453,27.7952626104539,21.4056174546255
30.6151857693913,27.7660707672897,21.3947409060277
30.5756607195433,27.7369307279824,21.3838529401845
30.536236880995,27.7078423963281,21.3729536968228
30.496913868292,27.6788056760729,21.3620433148171
30.4576912979204,27.6498204709166,21.3511219321942
30.4185687882937,27.6208866845161,21.3401896861377
30.3795459597417,27.5920042204889,21.3292467129922
30.340622434498,27.5631729824164,21.3182931482679
30.3017978366885,27.5343928738471,21.3073291266445
30.2630717923195,27.5056637983004,21.2963547819761
30.224443929266,27.4769856592694,21.2853702472953
30.1859138772605,27.4483583602242,21.2743756548172
30.1474812678809,27.4197818046153,21.2633711359441
30.1091457345398,27.3912558958763,21.2523568212695
30.0709069124724,27.3627805374276,21.2413328405826
30.0327644387262,27.3343556326789,21.2302993228722
29.994717952149,27.3059810850323,21.2192563963311
29.9567670933783,27.2776567978854,21.2082041883603
29.9189115048303,27.2493826746344,21.1971428255731
29.8811508306888,27.2211586186764,21.1860724337994
29.8434847168944,27.1929845334129,21.1749931380897
29.8059128111341,27.1648603222519,21.163905062719
29.7684347628301,27.1367858886115,21.1528083311914
29.7310502231296,27.1087611359218,21.141703066244
29.693758844894,27.0807859676281,21.1305893898507
29.6565602826889,27.0528602871934,21.1194674232266
29.6194541927731,27.0249839981011,21.1083372868317
29.582440233089,26.9971570038572,21.0971991003753
29.5455180632519,26.9693792079933,21.0860529828198
29.5086873445399,26.941650514069,21.0748990523845
29.4719477398842,26.9139708256741,21.0637374265499
29.4352989138586,26.8863400464313,21.0525682220613
29.39874053267,26.8587580799984,21.0413915549332
29.3622722641483,26.8312248300709,21.0302075404526
29.3258937777366,26.8037402003842,21.0190162931835
29.2896047444819,26.7763040947158,21.0078179269703
29.2534048370249,26.7489164168876,20.9966125549418
29.2172937295906,26.7215770707682,20.9854002895154
29.1812710979792,26.6942859602753,20.9741812424002
29.1453366195558,26.6670429893773,20.9629555246016
29.1094899732422,26.6398480620959,20.9517232464244
29.0737308395065,26.6127010825082,20.940484517477
29.0380589003544,26.5856019547485,20.9292394466751
29.0024738393202,26.5585505830105,20.9179881422454
28.9669753414572,26.5315468715492,20.9067307117291
28.931563093329,26.5045907246833,20.8954672619859
28.8962367830004,26.4776820467963,20.8841978991977
28.8609961000286,26.4508207423395,20.872922728872
28.8258407354541,26.424006715833,20.8616418558458
28.7907703817924,26.3972398718679,20.8503553842892
28.7557847330246,26.3705201151084,20.8390634177087
28.7208834845892,26.3438473502931,20.8277660589515
28.6860663333736,26.3172214822371,20.8164634102083
28.6513329777051,26.2906424158338,20.8051555730174
28.6166831173427,26.2641100560565,20.7938426482681
28.5821164534687,26.2376243079599,20.7825247362042
28.5476326886803,26.2111850766824,20.7712019364274
28.5132315269811,26.1847922674469,20.7598743479011
28.4789126737732,26.1584457855633,20.7485420689538
28.4446758358488,26.1321455364294,20.7372051972824
28.410520721382,26.1058914255329,20.7258638299558
28.3764470399209,26.0796833584527,20.7145180634182
28.3424545023795,26.0535212408606,20.7031679934929
28.3085428210296,26.0274049785228,20.6918137153851
28.2747117094931,26.0013344773012,20.6804553236858
28.2409608827341,25.9753096431551,20.6690929123751
28.2072900570512,25.9493303821424,20.6577265748252
28.1736989500692,25.923396600421,20.6463564038043
28.1401872807323,25.8975082042507,20.6349824914793
28.1067547692956,25.8716650999938,20.6236049294198
28.0734011373182,25.8458671941169,20.6122238086008
28.0401261076552,25.8201143931923,20.6008392194063
28.0069294044503,25.7944066038989,20.5894512516323
27.9738107531287,25.768743733024,20.5780599944906
27.9407698803891,25.7431256874639,20.5666655366112
27.9078065141972,25.7175523742259,20.5552679660464
27.8749203837775,25.6920237004288,20.5438673702734
27.8421112196068,25.6665395733046,20.5324638361975
27.8093787534066,25.6410999001995,20.5210574501557
27.7767227181363,25.615704588575,20.5096482979194
27.7441428479858,25.5903535460092,20.4982364646979
27.7116388783685,25.5650466801977,20.4868220351412
27.6792105459145,25.5397838989547,20.4754050933434
27.6468575884636,25.5145651102146,20.4639857228455
27.6145797450584,25.4893902220321,20.4525640066387
27.5823767559373,25.4642591425844,20.4411400271674
27.5502483625279,25.439171780171,20.4297138663323
27.5181943074402,25.4141280432159,20.4182856054933
27.4862143344598,25.3891278402676,20.4068553254726
27.4543081885413,25.3641710800007,20.3954231065578
27.4224756158018,25.3392576712166,20.3839890285047
27.3907163635142,25.3143875228444,20.3725531705404
27.3590301801005,25.2895605439421,20.3611156113662
27.3274168151256,25.264776643697,20.3496764291606
27.2958760192909,25.2400357314273,20.3382357015821
27.2644075444276,25.2153377165822,20.3267935057724
27.2330111434906,25.1906825087433,20.3153499183589
27.201686570552,25.1660700176253,20.3039050154581
27.1704335807949,25.1415001530766,20.2924588726779
27.1392519305074,25.1169728250804,20.2810115651207
27.108141377076,25.0924879437554,20.2695631673866
27.0771016789798,25.0680454193566,20.2581137535756
27.0461325957841,25.0436451622759,20.2466633972909
27.0152338881346,25.0192870830431,20.2352121716413
26.9844053177513,24.9949710923264,20.2237601492445
26.9536466474225,24.9706971009333,20.2123074022295
26.9229576409987,24.9464650198113,20.2008540022391
26.8923380633869,24.9222747600482,20.1894000204336
26.8617876805449,24.8981262328736,20.1779455274923
26.8313062594748,24.8740193496585,20.1664905936173
26.8008935682181,24.849954021917,20.1550352885354
26.7705493758492,24.8259301613062,20.1435796815015
26.7402734524702,24.801947679627,20.1321238413004
26.7100655692048,24.7780064888251,20.1206678362504
26.6799254981931,24.7541065009909,20.1092117342053
26.6498530125858,24.7302476283607,20.0977556025574
26.6198478865384,24.7064297833169,20.0862995082397
26.589909895206,24.6826528783888,20.0748435177291
26.5600388147378,24.658916826253,20.0633876970485
26.5302344222715,24.6352215397341,20.0519321117695
26.5004964959277,24.6115669318047,20.0404768270151
26.4708248148052,24.5879529155868,20.0290219074622
26.4412191589748,24.5643794043515,20.0175674173442
26.4116793094745,24.5408463115199,20.0061134204532
26.3822050483043,24.5173535506635,19.994659980143
26.3527961584204,24.4939010355046,19.9832071593313
26.3234524237306,24.4704886799167,19.9717550205021
26.2941736290889,24.4471163979253,19.9603036257087
26.2649595602902,24.4237841037078,19.9488530365754
26.2358100040652,24.4004917115943,19.9374033143006
26.2067247480758,24.3772391360679,19.9259545196589
26.1777035809095,24.3540262917651,19.9145067130037
26.1487462920745,24.3308530934763,19.9030599542695
26.1198526719949,24.3077194561459,19.8916143029742
26.0910225120057,24.284625294873,19.8801698182217
26.0622556043477,24.2615705249114,19.8687265587043
26.033551742163,24.2385550616705,19.857284582705
26.0049107194897,24.215578820715,19.8458439480995
25.9763323312573,24.1926417177655,19.8344047123591
25.947816373282,24.1697436686992,19.8229669325528
25.9193626422618,24.1468845895496,19.8115306653495
25.8909709357718,24.124064396507,19.8000959670204
25.8626410522595,24.1012830059192,19.7886628934413
25.8343727910401,24.078540334291,19.7772315000948
25.806165952292,24.0558362982854,19.7658018420729
25.778020337052,24.0331708147231,19.7543739740786
25.7499357472108,24.0105438005831,19.7429479504289
25.7219119855087,23.9879551730029,19.7315238250563
25.6939488555305,23.9654048492789,19.7201016515116
25.6660461617014,23.9428927468663,19.708681482966
25.6382037092828,23.9204187833797,19.6972633722128
25.6104213043672,23.8979828765929,19.6858473716703
25.5826987538742,23.8755849444395,19.6744335333836
25.5550358655461,23.853224905013,19.6630219090267
25.5274324479436,23.8309026765667,19.6516125499047
25.4998883104411,23.8086181775144,19.6402055069562
25.4724032632231,23.7863713264302,19.628800830755
25.444977117279,23.7641620420487,19.6173985715125
25.4176096843998,23.7419902432653,19.6059987790799
25.3903007771731,23.7198558491363,19.5946015029498
25.3630502089794,23.6977587788791,19.583206792259
25.335857793988,23.6756989518722,19.5718146957898
25.3087233471522,23.6536762876556,19.5604252619727
25.281646684206,23.6316907059306,19.549038538888
25.2546276216594,23.6097421265601,19.5376545742683
25.2276659767948,23.5878304695687,19.5262734155001
25.2007615676626,23.5659556551429,19.5148951096258
25.1739142130774,23.544117603631,19.5035197033461
25.1471237326138,23.5223162355434,19.4921472430218
25.1203899466029,23.5005514715525,19.4807777746756
25.0937126761278,23.478823232493,19.4694113439943
25.0670917430199,23.4571314393618,19.4580479963306
25.0405269698552,23.435476013318,19.4466877767054
25.0140181799503,23.4138568756834,19.4353307298092
24.9875651973584,23.392273947942,19.4239769000045
24.9611678468658,23.3707271517403,19.4126263313274
24.9348259539877,23.3492164088875,19.4012790674897
24.9085393449649,23.3277416413554,19.3899351518808
24.8823078467598,23.3063027712784,19.3785946275695
24.8561312870524,23.2848997209534,19.367257537306
24.8300094942374,23.2635324128401,19.3559239235234
24.8039422974195,23.2422007695612,19.3445938283403
24.7779295264106,23.2209047139016,19.3332672935617
24.7519710117257,23.1996441688093,19.3219443606817
24.7260665845794,23.178419057395,19.3106250708849
24.7002160768825,23.1572293029321,19.2993094650481
24.674419321238,23.1360748288565,19.2879975837424
24.6486761509381,23.1149555587672,19.2766894672351
24.6229863999602,23.0938714164258,19.2653851554909
24.5973499029637,23.0728223257563,19.2540846881743
24.5717664952863,23.0518082108458,19.2427881046511
24.5462360129407,23.0308289959437,19.2314954439902
24.5207582926112,23.0098846054622,19.2202067449653
24.4953331716502,22.9889749639758,19.2089220460568
24.4699604880747,22.9680999962218,19.1976413854532
24.4446400805631,22.9472596270998,19.1863648010532
24.4193717884518,22.9264537816719,19.1750923304673
24.3941554517317,22.9056823851623,19.1638240110193
24.3689909110452,22.8849453629579,19.1525598797483
24.3438780076827,22.8642426406075,19.1412999734101
24.3188165835792,22.8435741438222,19.1300443284793
24.2938064813114,22.8229397984752,19.1187929811502
24.2688475440942,22.8023395306015,19.1075459673394
24.2439396157774,22.7817732663983,19.0963033226868
24.2190825408429,22.7612409322245,19.0850650825574
24.1942761644011,22.7407424546007,19.073831282043
24.169520332188,22.7202777602092,19.0626019559638
24.144814890562,22.699846775894,19.0513771388699
24.1201596865006,22.6794494286603,19.0401568650432
24.0955545675975,22.6590856456748,19.0289411684985
24.0709993820597,22.6387553542654,19.0177300829857
24.046493978704,22.6184584819212,19.0065236419909
24.0220382069541,22.5981949562922,18.995321878738
23.9976319168377,22.5779647051894,18.9841248261906
23.9732749589836,22.5577676565845,18.9729325170533
23.9489671846183,22.5376037386099,18.9617449837732
23.9247084455632,22.5174728795586,18.9505622585415
23.900498594232,22.4973750078837,18.9393843732952
23.8763374836271,22.477310052199,18.9282113597183
23.8522249673373,22.457277941278,18.9170432492436
23.8281608995344,22.4372786040543,18.9058800730539
23.8041451349709,22.4173119696216,18.8947218620838
23.7801775289763,22.3973779672329,18.8835686470211
23.756257937455,22.3774765263009,18.872420458308
23.7323862168832,22.3576075763977,18.8612773261431
23.7085622243058,22.3377710472546,18.8501392804822
23.6847858173343,22.3179668687621,18.8390063510404
23.6610568541431,22.2981949709693,18.8278785672932
23.6373751934674,22.2784552840843,18.8167559584778
23.6137406946003,22.2587477384737,18.8056385535948
23.5901532173899,22.2390722646624,18.7945263814098
23.5666126222367,22.2194287933338,18.783419470454
23.5431187700909,22.1998172553292,18.7723178490267
23.5196715224496,22.1802375816476,18.7612215451958
23.4962707413544,22.160689703446,18.7501305867996
23.4729162893883,22.1411735520387,18.7390450014482
23.4496080296735,22.1216890588976,18.7279648165248
